forecast_date,location_abbr,location_name,n_sites,total_site_pop,avg_sampling_freq,max_sampling_freq,avg_latency,min_latency,avg_lab_changes,min_data_variability,avg_data_variability,prop_below_LOD,state_pop,pop_coverage
2024-07-01,BB,Brandenburg,4,376325,0.2548917748917749,0.2597402597402597,12.5,12,0,0.1977089032265971,0.29444688229280286,0,2573135,0.14625155695289987
2024-07-08,BB,Brandenburg,4,376325,0.25164502164502167,0.2597402597402597,12.5,12,0,0.2068784081881697,0.3010401893685225,0,2573135,0.14625155695289987
2024-07-15,BB,Brandenburg,4,376325,0.2532467532467532,0.2597402597402597,12,12,0,0.18546683138820308,0.2877368131992458,0,2573135,0.14625155695289987
2024-07-22,BB,Brandenburg,4,376325,0.25155844155844154,0.2597402597402597,12.5,12,0,0.16955616503877033,0.2517767951493502,0,2573135,0.14625155695289987
2024-07-29,BB,Brandenburg,4,376325,0.25,0.2571428571428571,19,19,0,0.1727915905174039,0.2206570060689353,0,2573135,0.14625155695289987
2024-08-05,BB,Brandenburg,4,376325,0.27083333333333337,0.2777777777777778,12,12,0,0.15397975229484187,0.2013081028114023,0,2573135,0.14625155695289987
2024-08-12,BB,Brandenburg,4,376325,0.26979185198363276,0.273972602739726,12,12,0,0.1464429920112232,0.18995165133931616,0,2573135,0.14625155695289987
2024-08-19,BB,Brandenburg,4,376325,0.26948051948051943,0.2727272727272727,12,12,0,0.11518084564628356,0.166747693095271,0,2573135,0.14625155695289987
2024-08-26,BB,Brandenburg,4,376325,0.2642857142857143,0.26666666666666666,15.25,14,0,0.08465764318495755,0.13696114894911204,0,2573135,0.14625155695289987
2024-09-02,BB,Brandenburg,4,376325,0.3007936507936508,0.3076923076923077,20,19,0,0.0719801851071376,0.11058307785779478,0,2573135,0.14625155695289987
2024-09-09,BB,Brandenburg,4,376325,0.2943663804319542,0.30158730158730157,27,26,0,0.06286234395143964,0.10315182235451807,0,2573135,0.14625155695289987
2024-09-16,BB,Brandenburg,4,376325,0.3024723778400249,0.3137254901960784,34,33,0,0.06488133114524824,0.09191363624662406,0,2573135,0.14625155695289987
2024-09-23,BB,Brandenburg,4,376325,0.2792207792207792,0.2987012987012987,12,12,0,0.059425138866211084,0.08745158185591805,0,2573135,0.14625155695289987
2024-09-30,BB,Brandenburg,4,376325,0.2841125541125541,0.2987012987012987,12.5,12,0,0.05696502606095012,0.08949714541376703,0,2573135,0.14625155695289987
2024-10-07,BB,Brandenburg,4,376325,0.2800324675324675,0.2987012987012987,14.25,12,0,0.0589179404616477,0.08785679813834421,0,2573135,0.14625155695289987
2024-10-14,BB,Brandenburg,4,376325,0.27166666666666667,0.3,15.25,14,0,0.05896920869805162,0.08824374191281452,0,2573135,0.14625155695289987
2024-10-21,BB,Brandenburg,4,376325,0.2662337662337662,0.2857142857142857,12,12,0,0.07656980754204562,0.09569469851929023,0,2573135,0.14625155695289987
2024-10-28,BB,Brandenburg,4,376325,0.262987012987013,0.2857142857142857,12,12,0,0.08382239352914413,0.10088501824159364,0,2573135,0.14625155695289987
2024-11-04,BB,Brandenburg,4,376325,0.262987012987013,0.2857142857142857,12,12,0,0.08981617824069332,0.13031060486842838,0,2573135,0.14625155695289987
2024-11-11,BB,Brandenburg,4,376325,0.26289915966386557,0.2857142857142857,15.25,14,0,0.09231806353838402,0.12616015428674943,0,2573135,0.14625155695289987
2024-11-18,BB,Brandenburg,4,376325,0.2532467532467532,0.2727272727272727,12,12,0,0.08883373361968919,0.11629575008270925,0,2573135,0.14625155695289987
2024-11-25,BB,Brandenburg,4,376325,0.2532467532467532,0.2727272727272727,12,12,0,0.05455897310222547,0.10567010437528118,0,2573135,0.14625155695289987
2024-12-02,BB,Brandenburg,4,376325,0.2529220779220779,0.2727272727272727,13.75,12,0,0.05513659304774583,0.10013630790080763,0,2573135,0.14625155695289987
2024-12-09,BB,Brandenburg,4,376325,0.2564935064935065,0.2727272727272727,12,12,0,0.06055089165447744,0.09425474403559342,0,2573135,0.14625155695289987
2024-12-16,BB,Brandenburg,4,376325,0.2646551724137931,0.2714285714285714,19,19,0,0.05967911196736197,0.0917201803987378,0,2573135,0.14625155695289987
2024-12-23,BB,Brandenburg,4,376325,0.2672709235209235,0.2727272727272727,12,12,0,0.045538551418853136,0.08418643486245862,0,2573135,0.14625155695289987
2024-12-30,BB,Brandenburg,4,376325,0.2846153846153846,0.2923076923076923,19,19,0,0.04569833979653018,0.08541242023659798,0,2573135,0.14625155695289987
2025-01-06,BB,Brandenburg,4,376325,0.2777777777777778,0.2857142857142857,26,26,0,0.04602810345750101,0.08755022308117505,0,2573135,0.14625155695289987
2025-01-13,BB,Brandenburg,4,376325,0.28125,0.2857142857142857,33,33,0,0.04838897083852954,0.09152676363030791,0,2573135,0.14625155695289987
2025-01-20,BB,Brandenburg,4,376325,0.28061224489795916,0.2857142857142857,40,40,0,0.048635523370031394,0.08338250204681821,0,2573135,0.14625155695289987
2025-01-27,BB,Brandenburg,4,376325,0.20833333333333334,0.20833333333333334,12,12,0,0.07392548180553613,0.0929335798764537,0,2573135,0.14625155695289987
2025-02-03,BB,Brandenburg,4,376325,0.2077922077922078,0.2077922077922078,12,12,0,0.08938897519125583,0.11015551228909655,0,2573135,0.14625155695289987
2025-02-10,BB,Brandenburg,4,376325,0.2077922077922078,0.2077922077922078,12,12,0,0.10649328873877739,0.12662975536806897,0,2573135,0.14625155695289987
2025-02-17,BB,Brandenburg,4,376325,0.2077922077922078,0.2077922077922078,12,12,0,0.12193008561202104,0.14760034295764513,0,2573135,0.14625155695289987
2025-02-24,BB,Brandenburg,4,376325,0.2077922077922078,0.2077922077922078,12,12,0,0.13071320021238567,0.18052307845536553,0,2573135,0.14625155695289987
2025-03-03,BB,Brandenburg,4,376325,0.20454545454545456,0.2077922077922078,12,12,0,0.11222496610127794,0.18431645202999977,0,2573135,0.14625155695289987
2025-03-10,BB,Brandenburg,4,376325,0.2077922077922078,0.2077922077922078,12,12,0,0.10310561149420314,0.18709470713395623,0,2573135,0.14625155695289987
2025-03-17,BB,Brandenburg,4,376325,0.20584415584415586,0.2077922077922078,12.5,12,0,0.09636486691222346,0.17121838746746054,0,2573135,0.14625155695289987
2025-03-24,BB,Brandenburg,4,376325,0.30214665653495437,0.30357142857142855,14.25,12,0,0.08378247782436063,0.1828818597014098,0.015384615384615385,2573135,0.14625155695289987
2025-03-31,BB,Brandenburg,4,376325,0.2857142857142857,0.30158730158730157,12,12,0,0.09354416710182659,0.21096681130219827,0.027777777777777776,2573135,0.14625155695289987
2025-04-07,BB,Brandenburg,4,376325,0.2857142857142857,0.3,12,12,0,0.10426559306396023,0.21857535737295178,0.025,2573135,0.14625155695289987
2025-04-14,BB,Brandenburg,4,376325,0.2857142857142857,0.2987012987012987,12,12,0,0.1127603139814855,0.23229022345313807,0.022727272727272728,2573135,0.14625155695289987
2025-04-21,BB,Brandenburg,4,376325,0.2857142857142857,0.2987012987012987,12,12,0,0.12355571548653986,0.2566577397080447,0.03409090909090909,2573135,0.14625155695289987
2025-04-28,BB,Brandenburg,4,376325,0.2857142857142857,0.3,19,19,0,0.12440959613175435,0.2618398509944055,0.0375,2573135,0.14625155695289987
2025-05-05,BB,Brandenburg,4,376325,0.2727272727272727,0.2857142857142857,12,12,0,0.11895226065864153,0.2682629666158303,0.03571428571428571,2573135,0.14625155695289987
2025-05-12,BB,Brandenburg,4,376325,0.26666666666666666,0.28,14,14,0,0.1432862412677245,0.2779844484307788,0.0375,2573135,0.14625155695289987
2025-05-19,BB,Brandenburg,4,376325,0.2589712918660287,0.27631578947368424,12.75,12,1,0.16109801210976218,0.294345454365332,0.0379746835443038,2573135,0.14625155695289987
2025-05-26,BB,Brandenburg,4,376325,0.2589712918660287,0.27631578947368424,12.75,12,1,0.15953485759317107,0.28870457560147816,0.0379746835443038,2573135,0.14625155695289987
2025-06-02,BB,Brandenburg,4,376325,0.27159862633122395,0.27631578947368424,12.75,12,1,0.1395664833543651,0.30514573501571596,0.0379746835443038,2573135,0.14625155695289987
2025-06-09,BB,Brandenburg,4,376325,0.2765196078431373,0.28,14,14,1,0.1290252113204391,0.2933597104682095,0.024691358024691357,2573135,0.14625155695289987
2025-06-16,BB,Brandenburg,4,376325,0.2730263157894737,0.27631578947368424,13,13,1,0.12728350368531308,0.280670855955043,0.012048192771084338,2573135,0.14625155695289987
2025-06-23,BB,Brandenburg,4,376325,0.27212918660287083,0.27631578947368424,12.75,12,1,0.1136804233985631,0.2690463741774378,0.012048192771084338,2573135,0.14625155695289987
2025-06-30,BB,Brandenburg,4,376325,0.27075569358178053,0.2753623188405797,19.75,19,1,0.11805248528520432,0.27174620827272333,0.013333333333333334,2573135,0.14625155695289987
2024-07-08,BE,Berlin,3,3736494,0.26126126126126126,0.2702702702702703,15,15,0,0.15352370152873135,0.18180614613386997,0,3755251,0.9950051274868178
2024-07-15,BE,Berlin,3,3736494,0.26164736164736163,0.2714285714285714,16.333333333333332,15,0,0.15815151194096694,0.18936289461811792,0,3755251,0.9950051274868178
2024-07-22,BE,Berlin,3,3736494,0.2751608751608752,0.28378378378378377,16.333333333333332,15,0,0.1612982336572079,0.19424347343553347,0,3755251,0.9950051274868178
2024-07-29,BE,Berlin,3,3736494,0.26576576576576577,0.28378378378378377,15,15,0,0.15237439925194726,0.18897228128977908,0,3755251,0.9950051274868178
2024-08-05,BE,Berlin,3,3736494,0.2601626016260163,0.2804878048780488,8,8,0,0.15087066949359934,0.17987610844755628,0,3755251,0.9950051274868178
2024-08-12,BE,Berlin,3,3736494,0.2577777777777778,0.28,15,15,0,0.12330245323874409,0.1560295064127878,0,3755251,0.9950051274868178
2024-08-19,BE,Berlin,3,3736494,0.26126126126126126,0.28378378378378377,15,15,0,0.11592908953538264,0.12469075600110421,0,3755251,0.9950051274868178
2024-08-26,BE,Berlin,3,3736494,0.2608751608751609,0.28378378378378377,16.333333333333332,15,0,0.08885534212175272,0.10697362307357322,0,3755251,0.9950051274868178
2024-09-02,BE,Berlin,3,3736494,0.2761904761904762,0.3,15,15,0,0.06832511257656132,0.07786027391779864,0,3755251,0.9950051274868178
2024-09-09,BE,Berlin,3,3736494,0.2747747747747748,0.2972972972972973,15,15,0,0.05680224150227331,0.06887627049321138,0,3755251,0.9950051274868178
2024-09-16,BE,Berlin,3,3736494,0.2747747747747748,0.2972972972972973,15,15,0,0.04977188740220848,0.06075321114745575,0,3755251,0.9950051274868178
2024-09-23,BE,Berlin,3,3736494,0.2687911792389404,0.28378378378378377,17.333333333333332,15,0,0.03194711818106798,0.05394392816767432,0,3755251,0.9950051274868178
2024-09-30,BE,Berlin,3,3736494,0.2644444444444444,0.29333333333333333,15,15,0,0.028858797570853103,0.052080749316224556,0,3755251,0.9950051274868178
2024-10-07,BE,Berlin,3,3736494,0.27014157014157014,0.28378378378378377,15,15,0,0.02779064998971343,0.051996644696040074,0,3755251,0.9950051274868178
2024-10-14,BE,Berlin,3,3736494,0.27014157014157014,0.28378378378378377,16,15,0,0.026763736865509532,0.05022563800062849,0,3755251,0.9950051274868178
2024-10-21,BE,Berlin,3,3736494,0.2749034749034749,0.28378378378378377,15,15,0,0.029651965100367488,0.04315412903216705,0,3755251,0.9950051274868178
2024-10-28,BE,Berlin,3,3736494,0.2702702702702703,0.28378378378378377,15,15,0,0.030111098555187638,0.04626267160149896,0,3755251,0.9950051274868178
2024-11-04,BE,Berlin,3,3736494,0.2702702702702703,0.28378378378378377,15,15,0,0.03054465197006539,0.04393986951872981,0,3755251,0.9950051274868178
2024-11-11,BE,Berlin,3,3736494,0.27434257285003555,0.2857142857142857,22,22,0,0.032199022700708735,0.04236437599012277,0,3755251,0.9950051274868178
2024-11-18,BE,Berlin,3,3736494,0.26576576576576577,0.2702702702702703,15,15,0,0.035934508601041214,0.04294074129376706,0,3755251,0.9950051274868178
2024-11-25,BE,Berlin,3,3736494,0.2731245923026745,0.273972602739726,15,15,0,0.032249433873697164,0.040811390833838494,0,3755251,0.9950051274868178
2024-12-02,BE,Berlin,3,3736494,0.2848306728903744,0.29850746268656714,15,15,0,0.027582090444819077,0.04309201420735087,0,3755251,0.9950051274868178
2024-12-09,BE,Berlin,3,3736494,0.2850796001480933,0.2972972972972973,15,15,0,0.033584248775710805,0.050117783380639255,0,3755251,0.9950051274868178
2024-12-16,BE,Berlin,3,3736494,0.28416988416988415,0.2972972972972973,16.333333333333332,15,0,0.033888540265053176,0.05136587058668768,0,3755251,0.9950051274868178
2024-12-23,BE,Berlin,3,3736494,0.2785388127853881,0.3013698630136986,15,15,0,0.03615105978722043,0.05237531257782167,0,3755251,0.9950051274868178
2024-12-30,BE,Berlin,3,3736494,0.2696078431372549,0.29411764705882354,22,22,0,0.03778083159769951,0.053975770595922984,0,3755251,0.9950051274868178
2025-01-06,BE,Berlin,3,3736494,0.2777777777777778,0.3,29,29,0,0.03938515990980636,0.054727871134769394,0,3755251,0.9950051274868178
2025-01-13,BE,Berlin,3,3736494,0.27672955974842767,0.3018867924528302,36,36,0,0.03982760553954994,0.05508882058162665,0,3755251,0.9950051274868178
2025-01-20,BE,Berlin,3,3736494,0.2753623188405797,0.30434782608695654,43,43,0,0.042651582396520026,0.058133254420863416,0,3755251,0.9950051274868178
2025-01-27,BE,Berlin,3,3736494,0.2787301587301587,0.3,15,15,0,0.059021058036787866,0.06998961406794048,0,3755251,0.9950051274868178
2025-02-03,BE,Berlin,3,3736494,0.2792792792792793,0.2972972972972973,15,15,0,0.06898087185628346,0.08179828269165215,0,3755251,0.9950051274868178
2025-02-10,BE,Berlin,3,3736494,0.27983539094650206,0.2962962962962963,8,8,0,0.08737937420466944,0.10134899379862385,0,3755251,0.9950051274868178
2025-02-17,BE,Berlin,3,3736494,0.27555555555555555,0.29333333333333333,15,15,0,0.08728499300685152,0.10279903662496917,0,3755251,0.9950051274868178
2025-02-24,BE,Berlin,3,3736494,0.2792792792792793,0.2972972972972973,15,15,0,0.10391023050505249,0.11625031901823987,0,3755251,0.9950051274868178
2025-03-03,BE,Berlin,3,3736494,0.28416988416988415,0.2972972972972973,15,15,0,0.1101277565831473,0.1236993105277068,0,3755251,0.9950051274868178
2025-03-10,BE,Berlin,3,3736494,0.2843247287691732,0.2962962962962963,8,8,0,0.1331934968955894,0.14087871482286624,0,3755251,0.9950051274868178
2025-03-17,BE,Berlin,3,3736494,0.28378378378378377,0.2972972972972973,15,15,0,0.12313235427326476,0.13441321557617217,0,3755251,0.9950051274868178
2025-03-24,BE,Berlin,3,3736494,0.2876712328767123,0.3013698630136986,15,15,0,0.10656414933588293,0.12404920654558503,0,3755251,0.9950051274868178
2025-03-31,BE,Berlin,3,3736494,0.28893178893178895,0.2972972972972973,15,15,0,0.10646330682381894,0.11910479988206725,0,3755251,0.9950051274868178
2025-04-07,BE,Berlin,3,3736494,0.2882882882882883,0.2972972972972973,15,15,0,0.09820275964238552,0.10940845791017793,0,3755251,0.9950051274868178
2025-04-14,BE,Berlin,3,3736494,0.2882882882882883,0.2972972972972973,15,15,0,0.0894403008428323,0.105014159877365,0,3755251,0.9950051274868178
2025-04-21,BE,Berlin,3,3736494,0.2882882882882883,0.2972972972972973,15,15,0,0.08177943503469502,0.09435136015082483,0,3755251,0.9950051274868178
2025-04-28,BE,Berlin,3,3736494,0.2792792792792793,0.2972972972972973,15,15,0,0.07177913986975051,0.07747916611154626,0,3755251,0.9950051274868178
2025-05-05,BE,Berlin,3,3736494,0.29047619047619044,0.3142857142857143,19,19,0,0.051907190657109685,0.06907985148065586,0,3755251,0.9950051274868178
2025-05-12,BE,Berlin,3,3736494,0.2796653796653797,0.2972972972972973,15,15,0,0.06365694415558285,0.0797680288165641,0,3755251,0.9950051274868178
2025-05-19,BE,Berlin,3,3736494,0.28442728442728443,0.2972972972972973,15,15,0,0.0718667033710991,0.07940383172054652,0,3755251,0.9950051274868178
2025-05-26,BE,Berlin,3,3736494,0.28378378378378377,0.2972972972972973,15,15,0,0.06337184020278387,0.07705856199809252,0,3755251,0.9950051274868178
2025-06-02,BE,Berlin,3,3736494,0.28378378378378377,0.2972972972972973,15,15,0,0.06900693101314097,0.08201861002200374,0,3755251,0.9950051274868178
2025-06-09,BE,Berlin,3,3736494,0.28442728442728443,0.2972972972972973,16.333333333333332,15,0,0.08334951360875632,0.089835332241292,0,3755251,0.9950051274868178
2025-06-16,BE,Berlin,3,3736494,0.2792792792792793,0.2972972972972973,15,15,0,0.09904608360757905,0.10418306514494327,0,3755251,0.9950051274868178
2025-06-23,BE,Berlin,3,3736494,0.28638497652582157,0.30985915492957744,18,18,0,0.1035904777797822,0.10702675221512871,0,3755251,0.9950051274868178
2025-06-30,BE,Berlin,3,3736494,0.2864583333333333,0.3125,25,25,0,0.1065649051836096,0.10957963660564768,0,3755251,0.9950051274868178
2024-07-01,BW,Baden-Württemberg,17,2454284,0.2856195301086942,0.3026315789473684,13.117647058823529,12,0,0.1700449190402873,0.34890341333523817,0,11280257,0.21757341166961
2024-07-08,BW,Baden-Württemberg,17,2454284,0.2845022302803666,0.30985915492957744,13.058823529411764,12,0,0.17199444057416374,0.3653806413663811,0,11280257,0.21757341166961
2024-07-15,BW,Baden-Württemberg,17,2454284,0.2842780748663101,0.2987012987012987,12.235294117647058,12,0,0.16706642707417116,0.35977682264271216,0,11280257,0.21757341166961
2024-07-22,BW,Baden-Württemberg,17,2454284,0.2844155844155844,0.2987012987012987,12.823529411764707,12,0,0.17010003513456093,0.3880418162925091,0,11280257,0.21757341166961
2024-07-29,BW,Baden-Württemberg,17,2454284,0.2850699698725484,0.3013698630136986,13.764705882352942,12,0,0.16624735672679858,0.39810096674239076,0,11280257,0.21757341166961
2024-08-05,BW,Baden-Württemberg,17,2454284,0.2933880992633422,0.3055555555555556,14.705882352941178,12,0,0.14548761056375248,0.4044300988342423,0,11280257,0.21757341166961
2024-08-12,BW,Baden-Württemberg,17,2454284,0.28306595365418896,0.2987012987012987,12.117647058823529,12,0,0.1522661989714214,0.4015711799277262,0,11280257,0.21757341166961
2024-08-19,BW,Baden-Württemberg,17,2454284,0.2855301561183914,0.3,12.411764705882353,12,0,0.11643031725984654,0.40383616200999023,0,11280257,0.21757341166961
2024-08-26,BW,Baden-Württemberg,17,2454284,0.28681677799324856,0.3055555555555556,12.823529411764707,12,0,0.09316064577585197,0.4197635785672639,0,11280257,0.21757341166961
2024-09-02,BW,Baden-Württemberg,17,2454284,0.2883456412868177,0.2987012987012987,13.647058823529411,12,0,0.09691120052469501,0.43309745849409836,0,11280257,0.21757341166961
2024-09-09,BW,Baden-Württemberg,17,2454284,0.2887191240132416,0.2987012987012987,13.235294117647058,12,0,0.0826850978740354,0.44388298067681264,0,11280257,0.21757341166961
2024-09-16,BW,Baden-Württemberg,17,2454284,0.2866552728317434,0.3076923076923077,15.941176470588236,12,0,0.08032944609985102,0.4609195522778569,0,11280257,0.21757341166961
2024-09-23,BW,Baden-Württemberg,17,2454284,0.28804629960092143,0.2987012987012987,15.058823529411764,12,0,0.07778218446228467,0.4543960580172385,0,11280257,0.21757341166961
2024-09-30,BW,Baden-Württemberg,16,1854284,0.2930216165413534,0.3026315789473684,12.4375,12,0,0.0820735072653902,0.46615745469453734,0,11280257,0.16438313417859185
2024-10-07,BW,Baden-Württemberg,17,2454284,0.29790641277619967,0.3181818181818182,14.117647058823529,12,0,0.09430671693006652,0.46586753830706035,0,11280257,0.21757341166961
2024-10-14,BW,Baden-Württemberg,17,2454284,0.29306943830163645,0.3026315789473684,13.235294117647058,13,0,0.0953170984654348,0.4572812739737842,0,11280257,0.21757341166961
2024-10-21,BW,Baden-Württemberg,17,2454284,0.28727272727272724,0.2987012987012987,12.235294117647058,12,0,0.13741460460858798,0.44910203350753813,0,11280257,0.21757341166961
2024-10-28,BW,Baden-Württemberg,17,2454284,0.2882416603004838,0.2987012987012987,12.941176470588236,12,0,0.13148365593329953,0.4412175923451067,0.5456989247311828,11280257,0.21757341166961
2024-11-04,BW,Baden-Württemberg,17,2454284,0.2849503437738732,0.2987012987012987,12,12,0,0.12947678121235298,0.43362201647004445,0.5093833780160858,11280257,0.21757341166961
2024-11-11,BW,Baden-Württemberg,17,2454284,0.2868371064965492,0.3026315789473684,12.882352941176471,12,0,0.12111692715395521,0.4206922372285865,0.48247978436657685,11280257,0.21757341166961
2024-11-18,BW,Baden-Württemberg,17,2454284,0.28372803666921315,0.2987012987012987,12.411764705882353,12,0,0.10807774138363364,0.4082564086158005,0.4486486486486487,11280257,0.21757341166961
2024-11-25,BW,Baden-Württemberg,17,2454284,0.2845683728036669,0.3,17.764705882352942,12,0,0.0964809465857729,0.39519475101419904,0.42151162790697677,11280257,0.21757341166961
2024-12-02,BW,Baden-Württemberg,17,2454284,0.2846345811051693,0.2987012987012987,12.117647058823529,12,0,0.11361977184020203,0.36469286398548423,0.40053763440860213,11280257,0.21757341166961
2024-12-09,BW,Baden-Württemberg,17,2454284,0.28836806195832565,0.2987012987012987,12.529411764705882,12,0,0.11397066478499022,0.3580680701880778,0.3602150537634409,11280257,0.21757341166961
2024-12-16,BW,Baden-Württemberg,17,2454284,0.28655132543570677,0.2972972972972973,14.411764705882353,12,0,0.11436038389302507,0.3611962967578636,0.3518005540166205,11280257,0.21757341166961
2024-12-23,BW,Baden-Württemberg,17,2454284,0.2906838259779436,0.2987012987012987,12.411764705882353,12,0,0.11736146933200907,0.357253148600957,0.43007915567282323,11280257,0.21757341166961
2024-12-30,BW,Baden-Württemberg,17,2454284,0.29308652664936413,0.3076923076923077,19.41176470588235,19,0,0.11320159054318102,0.3567333437722736,0.45217391304347826,11280257,0.21757341166961
2025-01-06,BW,Baden-Württemberg,17,2454284,0.29938347888174877,0.3137254901960784,26.41176470588235,26,0,0.08260676837937393,0.35665535518432206,0.4444444444444444,11280257,0.21757341166961
2025-01-13,BW,Baden-Württemberg,17,2454284,0.3039777408289519,0.3181818181818182,33.411764705882355,33,0,0.08671568288581682,0.36132245011554776,0.44366197183098594,11280257,0.21757341166961
2025-01-20,BW,Baden-Württemberg,17,2454284,0.3051220488195278,0.30952380952380953,40.411764705882355,40,0,0.08718002446277286,0.3610361490585384,0.48412698412698413,11280257,0.21757341166961
2025-01-27,BW,Baden-Württemberg,17,2454284,0.2935785253792962,0.3064516129032258,36.88235294117647,20,0,0.08745262247501598,0.3894488941948155,0.5572519083969466,11280257,0.21757341166961
2025-02-03,BW,Baden-Württemberg,17,2454284,0.2953777405390309,0.30952380952380953,41.8235294117647,12,0,0.08617338614804884,0.3793711081399046,0.46120689655172414,11280257,0.21757341166961
2025-02-10,BW,Baden-Württemberg,17,2454284,0.28294372294372294,0.3142857142857143,40.588235294117645,12,0.1176470588235294,0.1131159874686988,0.41956604328387914,0.4818181818181818,11280257,0.21757341166961
2025-02-17,BW,Baden-Württemberg,17,2454284,0.2826877274974161,0.32142857142857145,45.470588235294116,12,0.1176470588235294,0.12317594516669061,0.4300562875883032,0.5105263157894737,11280257,0.21757341166961
2025-02-24,BW,Baden-Württemberg,17,2454284,0.277428283566391,0.3333333333333333,47.05882352941177,12,0.1764705882352941,0.10273486923788071,0.45528284674791647,0.47337278106508873,11280257,0.21757341166961
2025-03-03,BW,Baden-Württemberg,17,2454284,0.29228418640183346,0.35714285714285715,49.88235294117647,12,0.1764705882352941,0.09901758405874635,0.48568644138097256,0.45161290322580644,11280257,0.21757341166961
2025-03-10,BW,Baden-Württemberg,17,2454284,0.33346574993633815,0.42857142857142855,53.294117647058826,12,0.1764705882352941,0.015243229263410795,0.558529124302051,0.47794117647058826,11280257,0.21757341166961
2025-03-17,BW,Baden-Württemberg,17,2454284,0.1919294990723562,0.3,59.470588235294116,12,0.1764705882352941,0.2557773023849384,0.5643512199389554,0.42452830188679247,11280257,0.21757341166961
2025-03-24,BW,Baden-Württemberg,7,1911477,0.288447159166697,0.3181818181818182,14,12,0.14285714285714288,0.1279814379658564,0.6020782250192922,0.45871559633027525,11280257,0.16945332007949818
2025-03-31,BW,Baden-Württemberg,7,1911477,0.28391927189567845,0.3103448275862069,10.857142857142858,7,0.14285714285714288,0.21627878879831688,0.6280427983219802,0.4523809523809524,11280257,0.16945332007949818
2025-04-07,BW,Baden-Württemberg,7,1911477,0.2851764468231745,0.3103448275862069,12,12,0.14285714285714288,0.21301625396818202,0.6453963507076487,0.44029850746268656,11280257,0.16945332007949818
2025-04-14,BW,Baden-Württemberg,7,1911477,0.29370573870573874,0.3076923076923077,13.285714285714286,12,0.28571428571428575,0.20659088667553133,0.6558007706250341,0.42142857142857143,11280257,0.16945332007949818
2025-04-21,BW,Baden-Württemberg,7,1911477,0.291944656650539,0.3055555555555556,14.285714285714286,12,0.4285714285714286,0.19892344253176727,0.6768769206026832,0.4041095890410959,11280257,0.16945332007949818
2025-04-28,BW,Baden-Württemberg,7,1911477,0.29134421134421135,0.3076923076923077,17.285714285714285,12,0.28571428571428575,0.21218363099004972,0.6544817607473792,0.3986013986013986,11280257,0.16945332007949818
2025-05-05,BW,Baden-Württemberg,7,1911477,0.2902097902097902,0.3,14.857142857142858,11,0.28571428571428575,0.20522918751949432,0.6689653634199736,0.45695364238410596,11280257,0.16945332007949818
2025-05-12,BW,Baden-Württemberg,7,1911477,0.2883545026402169,0.3,15.714285714285714,11,0.28571428571428575,0.2009419793500303,0.6880756540701813,0.5,11280257,0.16945332007949818
2025-05-19,BW,Baden-Württemberg,7,1911477,0.2921871779014636,0.3,13,12,0.28571428571428575,0.19347939747336074,0.7243873179844833,0.5,11280257,0.16945332007949818
2025-05-26,BW,Baden-Württemberg,7,1911477,0.29128014842300554,0.2987012987012987,12,12,0.28571428571428575,0.1776077332427459,0.7542444010065922,0.5159235668789809,11280257,0.16945332007949818
2025-06-02,BW,Baden-Württemberg,7,1911477,0.28680272108843535,0.2987012987012987,12.285714285714286,12,0.4285714285714286,0.19937940271750057,0.7070864944674843,0.487012987012987,11280257,0.16945332007949818
2025-06-09,BW,Baden-Württemberg,7,1911477,0.284458398744113,0.3,16.714285714285715,11,0.4285714285714286,0.1919635225389199,0.6958807664061273,0.4652777777777778,11280257,0.16945332007949818
2025-06-16,BW,Baden-Württemberg,7,1911477,0.2834405486332464,0.29411764705882354,19.714285714285715,14,0,0.17602518719389837,0.6803312280628576,0.4485294117647059,11280257,0.16945332007949818
2025-06-23,BW,Baden-Württemberg,7,1911477,0.27829313543599254,0.2987012987012987,12,12,0,0.18736033706299693,0.7014608688594066,0.4666666666666667,11280257,0.16945332007949818
2025-06-30,BW,Baden-Württemberg,7,1911477,0.2805337519623234,0.3,19,19,0,0.1818659855180263,0.6992694146398993,0.4632352941176471,11280257,0.16945332007949818
2024-07-01,BY,Bayern,29,3917699,0.22063194897320937,0.2727272727272727,12.310344827586206,12,0,0.1961700771118822,0.4057187940990632,0,13369393,0.2930349193863925
2024-07-08,BY,Bayern,29,3917699,0.22701689790939283,0.2727272727272727,12,12,0,0.20089048035913373,0.39059141107268536,0,13369393,0.2930349193863925
2024-07-15,BY,Bayern,29,3917699,0.2313479194870396,0.2638888888888889,12,12,0,0.18549926550809684,0.3689873649992305,0,13369393,0.2930349193863925
2024-07-22,BY,Bayern,29,3917699,0.23483425017313245,0.25862068965517243,19,19,0,0.13026440060925815,0.3507403479343304,0,13369393,0.2930349193863925
2024-07-29,BY,Bayern,29,3917699,0.2487766830870279,0.2777777777777778,12.172413793103448,12,0,0.12697492333798893,0.31808933945387363,0,13369393,0.2930349193863925
2024-08-05,BY,Bayern,29,3917699,0.2651751505199781,0.2916666666666667,12.137931034482758,12,0,0.11577129479120661,0.30510257623199977,0,13369393,0.2930349193863925
2024-08-12,BY,Bayern,29,3917699,0.2704467754467754,0.2916666666666667,12.137931034482758,12,0,0.1091882909254169,0.28149745635119966,0,13369393,0.2930349193863925
2024-08-19,BY,Bayern,29,3917699,0.27091307160272676,0.2916666666666667,12.379310344827585,12,0,0.07952747567277524,0.2562559309904834,0,13369393,0.2930349193863925
2024-08-26,BY,Bayern,29,3917699,0.2940384553467718,0.3076923076923077,19.379310344827587,19,0,0.059263780561637655,0.23916958132006202,0,13369393,0.2930349193863925
2024-09-02,BY,Bayern,29,3917699,0.2707379233342722,0.2857142857142857,12.655172413793103,12,0,0.051954139241077855,0.23087168339730735,0,13369393,0.2930349193863925
2024-09-09,BY,Bayern,29,3917699,0.2715358584635012,0.2857142857142857,12.620689655172415,12,0,0.045975988987530074,0.21515956117013554,0,13369393,0.2930349193863925
2024-09-16,BY,Bayern,29,3917699,0.2707984689747681,0.29577464788732394,12.344827586206897,12,0,0.04409805741223631,0.20114166762963087,0,13369393,0.2930349193863925
2024-09-23,BY,Bayern,29,3917699,0.2714243741466972,0.2894736842105263,13.275862068965518,12,0,0.046204889867806465,0.19891067095918014,0,13369393,0.2930349193863925
2024-09-30,BY,Bayern,29,3917699,0.2685587401104642,0.2857142857142857,13.10344827586207,12,0,0.06013165796305788,0.19926591523339482,0,13369393,0.2930349193863925
2024-10-07,BY,Bayern,29,3917699,0.2634212530764255,0.2857142857142857,13.689655172413794,12,0,0.06405820900417131,0.19698811304022973,0,13369393,0.2930349193863925
2024-10-14,BY,Bayern,29,3917699,0.255724582168481,0.2857142857142857,15.655172413793103,14,0,0.0779302919435672,0.2019274133936566,0,13369393,0.2930349193863925
2024-10-21,BY,Bayern,29,3917699,0.255229636264119,0.2857142857142857,13.517241379310345,12,0,0.08505232741105194,0.2083081479796672,0,13369393,0.2930349193863925
2024-10-28,BY,Bayern,29,3917699,0.2788371398716226,1,12.206896551724139,12,0,0.09139541238524923,0.2023791336091488,0.009208103130755065,13369393,0.2930349193863925
2024-11-04,BY,Bayern,29,3917699,0.2596840324426531,0.4444444444444444,12.310344827586206,12,0,0.09443948116947731,0.18835347410096678,0.0055147058823529415,13369393,0.2930349193863925
2024-11-11,BY,Bayern,29,3917699,0.27186496980827357,0.35714285714285715,16.724137931034484,14,0,0.08042623763820442,0.1744962068480651,0.00196078431372549,13369393,0.2930349193863925
2024-11-18,BY,Bayern,29,3917699,0.25521586831708515,0.35714285714285715,13.03448275862069,12,0,0.08047509879181984,0.1699705902025598,0,13369393,0.2930349193863925
2024-11-25,BY,Bayern,29,3917699,0.25165640123661115,0.35714285714285715,13.206896551724139,12,0,0.08032163659075245,0.17014234297134256,0,13369393,0.2930349193863925
2024-12-02,BY,Bayern,29,3917699,0.24609775899312164,0.2857142857142857,12.206896551724139,12,0,0.08293703728159921,0.17409108514205812,0,13369393,0.2930349193863925
2024-12-09,BY,Bayern,29,3917699,0.24324814593052685,0.2923076923076923,19.20689655172414,19,0,0.07801607040579094,0.17269657613472975,0,13369393,0.2930349193863925
2024-12-16,BY,Bayern,29,3917699,0.22181267669546192,0.2597402597402597,12.96551724137931,12,0,0.09600326830268309,0.17981628599262608,0,13369393,0.2930349193863925
2024-12-23,BY,Bayern,29,3917699,0.22690231724374751,0.2638888888888889,13.206896551724139,11,0,0.0972953752167341,0.19105134291699802,0,13369393,0.2930349193863925
2024-12-30,BY,Bayern,29,3917699,0.2281879670303027,0.26153846153846155,20.20689655172414,18,0,0.09880930561066187,0.19136759145061571,0,13369393,0.2930349193863925
2025-01-06,BY,Bayern,29,3917699,0.22276173663652707,0.25862068965517243,27.20689655172414,25,0,0.09821828758652257,0.18789031300962483,0,13369393,0.2930349193863925
2025-01-13,BY,Bayern,29,3917699,0.21757096202527731,0.2549019607843137,34.206896551724135,32,0,0.07035587032395256,0.17848149404600103,0,13369393,0.2930349193863925
2025-01-20,BY,Bayern,29,3917699,0.21400896724447716,0.24489795918367346,41.206896551724135,39,0,0.055336250944924815,0.1761875189844276,0,13369393,0.2930349193863925
2025-01-27,BY,Bayern,29,3917699,0.19335359351394893,0.2702702702702703,30.586206896551722,19,0,0.06264173041459951,0.18352352021748655,0,13369393,0.2930349193863925
2025-02-03,BY,Bayern,29,3917699,0.1841643335330249,0.2571428571428571,37.58620689655172,26,0,0.0641438229991282,0.18459174744470733,0,13369393,0.2930349193863925
2025-02-10,BY,Bayern,29,3917699,0.1752726028491807,0.25,44.58620689655172,33,0,0.0637758390557108,0.19459091549668808,0,13369393,0.2930349193863925
2025-02-17,BY,Bayern,28,3903899,0.20002137378077228,0.4444444444444444,28.214285714285715,12,0,0.09181458257411973,0.2670765746189319,0,13369393,0.29200271096825414
2025-02-24,BY,Bayern,28,3903899,0.264625850340136,0.4444444444444444,30.46428571428571,12,0,0.09736131762970453,0.27114821355914903,0.018691588785046728,13369393,0.29200271096825414
2025-03-03,BY,Bayern,29,3917699,0.28198039508384337,0.4444444444444444,31.75862068965517,12,0,0.09346391982322594,0.3516574005599333,0.0645933014354067,13369393,0.2930349193863925
2025-03-10,BY,Bayern,29,3917699,0.29914174150108813,0.42857142857142855,34.310344827586206,12,0,0.0512007763636598,0.336120823983143,0.04314720812182741,13369393,0.2930349193863925
2025-03-17,BY,Bayern,29,3917699,0.2389136539136539,0.2857142857142857,36.06896551724138,12,0,0.14921995118181375,0.34544062130501135,0.026881720430107527,13369393,0.2930349193863925
2025-03-24,BY,Bayern,20,3787749,0.2833314082437881,0.3103448275862069,19.25,19,0,0.13833671791118385,0.3274633598610557,0.023255813953488372,13369393,0.2833149567822563
2025-03-31,BY,Bayern,20,3787749,0.27877591852591854,0.3055555555555556,12.65,12,0,0.14016501873057907,0.37223290038154033,0.01932367149758454,13369393,0.2833149567822563
2025-04-07,BY,Bayern,20,3787749,0.27448088023088024,0.2987012987012987,12.9,12,0,0.14949204836882787,0.38089119628880763,0.016867469879518072,13369393,0.2833149567822563
2025-04-14,BY,Bayern,20,3787749,0.2746731601731602,0.2987012987012987,12.5,12,0,0.14759655471921096,0.39940449857730753,0.011933174224343675,13369393,0.2833149567822563
2025-04-21,BY,Bayern,20,3787749,0.27135930735930736,0.2987012987012987,12.55,12,0,0.16972454979723206,0.43177494949661144,0.00963855421686747,13369393,0.2833149567822563
2025-04-28,BY,Bayern,20,3787749,0.26368170426065163,0.29333333333333333,14.75,14,0,0.17131809605601983,0.43678481072874414,0.007653061224489796,13369393,0.2833149567822563
2025-05-05,BY,Bayern,20,3787749,0.25594227830992533,0.2857142857142857,12.55,12,0,0.16640210534733307,0.44588688502620416,0,13369393,0.2833149567822563
2025-05-12,BY,Bayern,20,3787749,0.24904761904761905,0.28,14.25,14,0,0.17465361786606204,0.4629440288695029,0,13369393,0.2833149567822563
2025-05-19,BY,Bayern,20,3787749,0.232967277820219,0.2638888888888889,12.9,12,0,0.1796529924248026,0.4917555722513811,0,13369393,0.2833149567822563
2025-05-26,BY,Bayern,20,3787749,0.23067525354145071,0.2597402597402597,13,12,0,0.19390988215608326,0.4942381417704069,0,13369393,0.2833149567822563
2025-06-02,BY,Bayern,20,3787749,0.23080772005772004,0.2597402597402597,12.65,12,0,0.19327853440350515,0.4845163336059457,0,13369393,0.2833149567822563
2025-06-09,BY,Bayern,20,3787749,0.2247436974789916,0.2571428571428571,14.35,14,0,0.19410377944310514,0.47727205882932283,0,13369393,0.2833149567822563
2025-06-16,BY,Bayern,20,3787749,0.2206749639249639,0.24675324675324675,12.2,12,0,0.1803591931930596,0.44894096670571376,0,13369393,0.2833149567822563
2025-06-23,BY,Bayern,20,3787749,0.21665800865800866,0.24675324675324675,12.4,12,0,0.17528470894700113,0.4449977396634034,0,13369393,0.2833149567822563
2025-06-30,BY,Bayern,20,3787749,0.21576944270772622,0.24615384615384617,19.4,19,0,0.15653548872021011,0.43682865738308213,0,13369393,0.2833149567822563
2024-07-01,HB,Bremen,1,595000,0.2857142857142857,0.2857142857142857,19,19,0,0.1819843674268519,0.1819843674268519,0,684864,0.8687856275114475
2024-07-08,HB,Bremen,1,595000,0.2857142857142857,0.2857142857142857,12,12,0,0.16986757926735532,0.16986757926735532,0,684864,0.8687856275114475
2024-07-15,HB,Bremen,1,595000,0.2857142857142857,0.2857142857142857,12,12,0,0.16929711671655237,0.16929711671655237,0,684864,0.8687856275114475
2024-07-22,HB,Bremen,1,595000,0.2857142857142857,0.2857142857142857,12,12,0,0.17406609134660486,0.17406609134660486,0,684864,0.8687856275114475
2024-07-29,HB,Bremen,1,595000,0.2876712328767123,0.2876712328767123,12,12,0,0.16629181326364817,0.16629181326364817,0,684864,0.8687856275114475
2024-08-05,HB,Bremen,1,595000,0.2916666666666667,0.2916666666666667,12,12,0,0.15890807214934197,0.15890807214934197,0,684864,0.8687856275114475
2024-08-12,HB,Bremen,1,595000,0.2727272727272727,0.2727272727272727,12,12,0,0.1722701322699776,0.1722701322699776,0,684864,0.8687856275114475
2024-08-19,HB,Bremen,1,595000,0.2714285714285714,0.2714285714285714,19,19,0,0.17463437873213017,0.17463437873213017,0,684864,0.8687856275114475
2024-08-26,HB,Bremen,1,595000,0.2857142857142857,0.2857142857142857,26,26,0,0.16034818088735886,0.16034818088735886,0,684864,0.8687856275114475
2024-09-02,HB,Bremen,1,595000,0.2597402597402597,0.2597402597402597,12,12,0,0.1463278626790913,0.1463278626790913,0,684864,0.8687856275114475
2024-09-09,HB,Bremen,1,595000,0.2597402597402597,0.2597402597402597,12,12,0,0.15224075254912187,0.15224075254912187,0,684864,0.8687856275114475
2024-09-16,HB,Bremen,1,595000,0.2597402597402597,0.2597402597402597,12,12,0,0.15414307122622622,0.15414307122622622,0,684864,0.8687856275114475
2024-09-23,HB,Bremen,1,595000,0.2571428571428571,0.2571428571428571,19,19,0,0.15692855556701366,0.15692855556701366,0,684864,0.8687856275114475
2024-09-30,HB,Bremen,1,595000,0.24675324675324675,0.24675324675324675,12,12,0,0.19775859156342068,0.19775859156342068,0,684864,0.8687856275114475
2024-10-07,HB,Bremen,1,595000,0.24675324675324675,0.24675324675324675,12,12,0,0.19736288760935503,0.19736288760935503,0,684864,0.8687856275114475
2024-10-14,HB,Bremen,1,595000,0.26666666666666666,0.26666666666666666,14,14,0,0.2107266055894954,0.2107266055894954,0,684864,0.8687856275114475
2024-10-21,HB,Bremen,1,595000,0.2597402597402597,0.2597402597402597,12,12,0,0.20872011515301092,0.20872011515301092,0,684864,0.8687856275114475
2024-10-28,HB,Bremen,1,595000,0.2597402597402597,0.2597402597402597,12,12,0,0.21759671064296549,0.21759671064296549,0,684864,0.8687856275114475
2024-11-04,HB,Bremen,1,595000,0.2597402597402597,0.2597402597402597,12,12,0,0.17454542694164787,0.17454542694164787,0,684864,0.8687856275114475
2024-11-11,HB,Bremen,1,595000,0.29577464788732394,0.29577464788732394,13,13,0,0.1851857976775928,0.1851857976775928,0,684864,0.8687856275114475
2024-11-18,HB,Bremen,1,595000,0.2857142857142857,0.2857142857142857,12,12,0,0.18631723609987705,0.18631723609987705,0,684864,0.8687856275114475
2024-11-25,HB,Bremen,1,595000,0.2857142857142857,0.2857142857142857,12,12,0,0.18600517362243696,0.18600517362243696,0,684864,0.8687856275114475
2024-12-02,HB,Bremen,1,595000,0.2857142857142857,0.2857142857142857,12,12,0,0.19049704681485705,0.19049704681485705,0,684864,0.8687856275114475
2024-12-09,HB,Bremen,1,595000,0.2857142857142857,0.2857142857142857,12,12,0,0.1931488961882813,0.1931488961882813,0,684864,0.8687856275114475
2024-12-16,HB,Bremen,1,595000,0.2987012987012987,0.2987012987012987,12,12,0,0.189687356887528,0.189687356887528,0,684864,0.8687856275114475
2024-12-23,HB,Bremen,1,595000,0.2987012987012987,0.2987012987012987,12,12,0,0.13761241617921774,0.13761241617921774,0,684864,0.8687856275114475
2024-12-30,HB,Bremen,1,595000,0.3076923076923077,0.3076923076923077,19,19,0,0.1411901218691848,0.1411901218691848,0,684864,0.8687856275114475
2025-01-06,HB,Bremen,1,595000,0.30158730158730157,0.30158730158730157,26,26,0,0.14293711674321774,0.14293711674321774,0,684864,0.8687856275114475
2025-01-13,HB,Bremen,1,595000,0.30357142857142855,0.30357142857142855,33,33,0,0.1511349193116469,0.1511349193116469,0,684864,0.8687856275114475
2025-01-20,HB,Bremen,1,595000,0.30612244897959184,0.30612244897959184,40,40,0,0.15908463059168507,0.15908463059168507,0,684864,0.8687856275114475
2025-01-27,HB,Bremen,1,595000,0.2786885245901639,0.2786885245901639,29,29,0,0.10163099930301789,0.10163099930301789,0,684864,0.8687856275114475
2025-02-03,HB,Bremen,1,595000,0.23376623376623376,0.23376623376623376,12,12,0,0.18945978259105276,0.18945978259105276,0,684864,0.8687856275114475
2025-02-10,HB,Bremen,1,595000,0.23376623376623376,0.23376623376623376,12,12,0,0.18725999030671941,0.18725999030671941,0,684864,0.8687856275114475
2025-02-17,HB,Bremen,1,595000,0.23376623376623376,0.23376623376623376,12,12,0,0.20460390505580522,0.20460390505580522,0,684864,0.8687856275114475
2025-02-24,HB,Bremen,1,595000,0.22666666666666666,0.22666666666666666,14,14,0,0.19605398246407635,0.19605398246407635,0,684864,0.8687856275114475
2025-03-03,HB,Bremen,1,595000,0.23376623376623376,0.23376623376623376,12,12,0,0.18979068544381505,0.18979068544381505,0,684864,0.8687856275114475
2025-03-10,HB,Bremen,1,595000,0.23376623376623376,0.23376623376623376,12,12,0,0.19092849303627676,0.19092849303627676,0,684864,0.8687856275114475
2025-03-17,HB,Bremen,1,595000,0.23376623376623376,0.23376623376623376,12,12,0,0.22955340512489655,0.22955340512489655,0,684864,0.8687856275114475
2025-03-24,HB,Bremen,1,595000,0.2465753424657534,0.2465753424657534,12,12,0,0.21756702265565867,0.21756702265565867,0,684864,0.8687856275114475
2025-03-31,HB,Bremen,1,595000,0.30158730158730157,0.30158730158730157,12,12,0,0.1847467283882207,0.1847467283882207,0,684864,0.8687856275114475
2025-04-07,HB,Bremen,1,595000,0.3,0.3,12,12,0,0.18894606438455663,0.18894606438455663,0,684864,0.8687856275114475
2025-04-14,HB,Bremen,1,595000,0.2987012987012987,0.2987012987012987,12,12,0,0.18957316799701712,0.18957316799701712,0,684864,0.8687856275114475
2025-04-21,HB,Bremen,1,595000,0.2987012987012987,0.2987012987012987,12,12,0,0.18036683553472815,0.18036683553472815,0,684864,0.8687856275114475
2025-04-28,HB,Bremen,1,595000,0.3026315789473684,0.3026315789473684,13,13,0,0.2750465081016987,0.2750465081016987,0.043478260869565216,684864,0.8687856275114475
2025-05-05,HB,Bremen,1,595000,0.2987012987012987,0.2987012987012987,12,12,0,0.2682992219954072,0.2682992219954072,0.043478260869565216,684864,0.8687856275114475
2025-05-12,HB,Bremen,1,595000,0.30666666666666664,0.30666666666666664,14,14,0,0.30405852893905544,0.30405852893905544,0.043478260869565216,684864,0.8687856275114475
2025-05-19,HB,Bremen,1,595000,0.3026315789473684,0.3026315789473684,13,13,0,0.3021917598334358,0.3021917598334358,0.043478260869565216,684864,0.8687856275114475
2025-05-26,HB,Bremen,1,595000,0.3026315789473684,0.3026315789473684,13,13,0,0.29118788763235165,0.29118788763235165,0.043478260869565216,684864,0.8687856275114475
2025-06-02,HB,Bremen,1,595000,0.3026315789473684,0.3026315789473684,13,13,0,0.29660594993301165,0.29660594993301165,0.043478260869565216,684864,0.8687856275114475
2025-06-09,HB,Bremen,1,595000,0.29333333333333333,0.29333333333333333,14,14,0,0.3024724242659744,0.3024724242659744,0.045454545454545456,684864,0.8687856275114475
2025-06-16,HB,Bremen,1,595000,0.2894736842105263,0.2894736842105263,13,13,0,0.3645757070724903,0.3645757070724903,0.045454545454545456,684864,0.8687856275114475
2025-06-23,HB,Bremen,1,595000,0.2894736842105263,0.2894736842105263,13,13,0,0.3822141723697028,0.3822141723697028,0.045454545454545456,684864,0.8687856275114475
2025-06-30,HB,Bremen,1,595000,0.2898550724637681,0.2898550724637681,20,20,0,0.40454432737444157,0.40454432737444157,0.05,684864,0.8687856275114475
2024-07-01,HE,Hessen,11,2588494,0.26469893742621015,0.2727272727272727,13.909090909090908,12,0,0.1254773131376797,0.22814734414779667,0,6391360,0.404998936063686
2024-07-08,HE,Hessen,11,2588494,0.2621834104592725,0.2714285714285714,18.636363636363637,14,0,0.12475501250015612,0.2327519180558658,0,6391360,0.404998936063686
2024-07-15,HE,Hessen,11,2588494,0.26682408500590316,0.2727272727272727,12,12,0,0.13340061126202804,0.19551960578323327,0,6391360,0.404998936063686
2024-07-22,HE,Hessen,11,2588494,0.2667332667332667,0.27692307692307694,19,19,0,0.12420579276613042,0.18534110258176903,0,6391360,0.404998936063686
2024-07-29,HE,Hessen,11,2588494,0.2680047225501771,0.2727272727272727,12,12,0,0.1703143558615722,0.22418169009525246,0,6391360,0.404998936063686
2024-08-05,HE,Hessen,11,2588494,0.28676046176046177,0.2916666666666667,12.181818181818182,12,0,0.18016096680753801,0.2372719304963533,0,6391360,0.404998936063686
2024-08-12,HE,Hessen,11,2588494,0.282172373081464,0.2857142857142857,12,12,0,0.17140033276131367,0.24958596696366972,0,6391360,0.404998936063686
2024-08-19,HE,Hessen,11,2588494,0.282172373081464,0.2857142857142857,12.636363636363637,12,0,0.18208607717954178,0.25552200691840976,0,6391360,0.404998936063686
2024-08-26,HE,Hessen,11,2588494,0.3017676767676768,0.3055555555555556,12,12,0,0.19583774470849669,0.261184316374257,0,6391360,0.404998936063686
2024-09-02,HE,Hessen,11,2588494,0.30092793968392056,0.3055555555555556,12.090909090909092,12,0,0.18780781888696998,0.2666704991394653,0,6391360,0.404998936063686
2024-09-09,HE,Hessen,11,2588494,0.29675889328063243,0.30434782608695654,16.363636363636363,14,0,0.19662122983113509,0.270153417939192,0,6391360,0.404998936063686
2024-09-16,HE,Hessen,11,2588494,0.29634002361275086,0.2987012987012987,12,12,0,0.1620835459887846,0.2520131543781375,0,6391360,0.404998936063686
2024-09-23,HE,Hessen,11,2588494,0.297874852420307,0.3,13.909090909090908,12,0,0.1590955036775157,0.25485406759043266,0,6391360,0.404998936063686
2024-09-30,HE,Hessen,11,2588494,0.2975206611570248,0.2987012987012987,12,12,0,0.13629046808074957,0.2335444451629131,0,6391360,0.404998936063686
2024-10-07,HE,Hessen,11,2588494,0.29393939393939394,0.3,15.363636363636363,14,0,0.09138090742405805,0.2049113795389771,0,6391360,0.404998936063686
2024-10-14,HE,Hessen,11,2588494,0.2987012987012987,0.3,19,19,0,0.09524014957090884,0.20523277614686636,0,6391360,0.404998936063686
2024-10-21,HE,Hessen,11,2588494,0.2877489949147703,0.30158730158730157,15.909090909090908,12,0,0.09813629836266524,0.21267570678609574,0,6391360,0.404998936063686
2024-10-28,HE,Hessen,11,2588494,0.2793388429752066,0.2857142857142857,13.181818181818182,12,0,0.09821601731795962,0.2179053177139865,0.017167381974248927,6391360,0.404998936063686
2024-11-04,HE,Hessen,11,2588494,0.2794932340386886,0.2857142857142857,11.909090909090908,11,0,0.0944976893700782,0.2150459979807671,0.016877637130801686,6391360,0.404998936063686
2024-11-11,HE,Hessen,11,2588494,0.27870916961826053,0.2857142857142857,12.363636363636363,12,0,0.09394507943894394,0.21387992188714472,0.01702127659574468,6391360,0.404998936063686
2024-11-18,HE,Hessen,11,2588494,0.278780900120613,0.2894736842105263,12.454545454545455,12,0,0.09884467537858513,0.2163888142829488,0.01702127659574468,6391360,0.404998936063686
2024-11-25,HE,Hessen,11,2588494,0.2809917355371901,0.2857142857142857,12,12,0,0.10487058816517675,0.21679246569739188,0.01680672268907563,6391360,0.404998936063686
2024-12-02,HE,Hessen,11,2588494,0.2805194805194805,0.2857142857142857,19,19,0,0.10341995485315723,0.21885488778773943,0.018518518518518517,6391360,0.404998936063686
2024-12-09,HE,Hessen,11,2588494,0.2788193624557261,0.2857142857142857,14.090909090909092,12,0,0.08408014527857056,0.21651366279731443,0.017391304347826087,6391360,0.404998936063686
2024-12-16,HE,Hessen,11,2588494,0.27807949626131445,0.2857142857142857,12.818181818181818,12,0.0909090909090909,0.08970115464418842,0.22090514975914027,0.017167381974248927,6391360,0.404998936063686
2024-12-23,HE,Hessen,11,2588494,0.27863046044864226,0.2857142857142857,12,12,0.1818181818181818,0.09119364262158473,0.25746908207081143,0.025423728813559324,6391360,0.404998936063686
2024-12-30,HE,Hessen,11,2588494,0.2993006993006993,0.3076923076923077,19,19,0.1818181818181818,0.08951351386361378,0.26105659415413224,0.02336448598130841,6391360,0.404998936063686
2025-01-06,HE,Hessen,11,2588494,0.29952231676369606,0.3103448275862069,26,26,0.1818181818181818,0.0889947883680698,0.2665265839112155,0.024630541871921183,6391360,0.404998936063686
2025-01-13,HE,Hessen,11,2588494,0.2987012987012987,0.30357142857142855,33,33,0.1818181818181818,0.07918206604885605,0.2731623708512923,0.02717391304347826,6391360,0.404998936063686
2025-01-20,HE,Hessen,11,2588494,0.3029916512059369,0.3125,40,40,0.1818181818181818,0.07272261017136179,0.26425914556165686,0.024539877300613498,6391360,0.404998936063686
2025-01-27,HE,Hessen,11,2588494,0.30241187384044527,0.30612244897959184,40,40,0.1818181818181818,0.07802024961604413,0.2774517596257496,0.03067484662576687,6391360,0.404998936063686
2025-02-03,HE,Hessen,11,2588494,0.26559803832531104,0.30952380952380953,34.27272727272727,12,0.5454545454545454,0.07967725234641355,0.2842456783494167,0.033112582781456956,6391360,0.404998936063686
2025-02-10,HE,Hessen,11,2588494,0.2680047225501771,0.3142857142857143,38.72727272727273,12,0.5454545454545454,0.08301068837978091,0.28890460475020596,0.0364963503649635,6391360,0.404998936063686
2025-02-17,HE,Hessen,11,2588494,0.27689800318258817,0.34782608695652173,43.18181818181818,12,0.5454545454545454,0.07290269935953748,0.29348791648838435,0.04065040650406504,6391360,0.404998936063686
2025-02-24,HE,Hessen,11,2588494,0.2862121212121212,0.375,48.36363636363637,14,0.5454545454545454,0.07536921747878735,0.31300519776845814,0.04716981132075472,6391360,0.404998936063686
2025-03-03,HE,Hessen,11,2588494,0.3004722550177096,0.35714285714285715,52.09090909090909,12,0.45454545454545453,0.04643233639374909,0.29051483518108207,0.030927835051546393,6391360,0.404998936063686
2025-03-10,HE,Hessen,11,2588494,0.345926800472255,0.42857142857142855,56.54545454545455,12,0.36363636363636365,0.04087654466526108,0.2300276318604177,0.024096385542168676,6391360,0.404998936063686
2025-03-17,HE,Hessen,11,2588494,0.2012987012987013,0.2077922077922078,61,12,0.36363636363636365,0.0995792076816424,0.17054076364341558,0.014492753623188406,6391360,0.404998936063686
2025-03-24,HE,Hessen,4,1751742,0.3086484593837535,0.3137254901960784,12,12,0,0.10486492381815592,0.12911173418142685,0,6391360,0.2740796950883693
2025-03-31,HE,Hessen,4,1751742,0.30596606458675424,0.3103448275862069,12,12,0,0.10426087422913483,0.13321734939155547,0,6391360,0.2740796950883693
2025-04-07,HE,Hessen,4,1751742,0.3038461538461539,0.3076923076923077,12,12,0,0.10424871895936104,0.13749065213256514,0,6391360,0.2740796950883693
2025-04-14,HE,Hessen,4,1751742,0.30212842712842713,0.3055555555555556,12,12,0,0.10391332340363424,0.13799885674249474,0,6391360,0.2740796950883693
2025-04-21,HE,Hessen,4,1751742,0.2987012987012987,0.2987012987012987,12,12,0,0.10150485573943703,0.1390687188246447,0,6391360,0.2740796950883693
2025-04-28,HE,Hessen,4,1751742,0.3026315789473684,0.3026315789473684,13,13,0,0.10353682809197691,0.14348996787284973,0,6391360,0.2740796950883693
2025-05-05,HE,Hessen,4,1751742,0.2987012987012987,0.2987012987012987,12,12,0,0.10336900101615497,0.14653791248682482,0,6391360,0.2740796950883693
2025-05-12,HE,Hessen,4,1751742,0.30666666666666664,0.30666666666666664,14,14,0,0.1042799875285134,0.16387777949159274,0,6391360,0.2740796950883693
2025-05-19,HE,Hessen,4,1751742,0.2987012987012987,0.2987012987012987,12,12,0,0.10191807889600935,0.16765233452689998,0,6391360,0.2740796950883693
2025-05-26,HE,Hessen,4,1751742,0.2987012987012987,0.2987012987012987,12,12,0,0.10193910584200981,0.17374887221799906,0,6391360,0.2740796950883693
2025-06-02,HE,Hessen,4,1751742,0.2987012987012987,0.2987012987012987,12,12,0,0.0890857035689177,0.1731351447598382,0,6391360,0.2740796950883693
2025-06-09,HE,Hessen,4,1751742,0.30666666666666664,0.30666666666666664,14,14,0,0.08216895812533552,0.16921176523075512,0,6391360,0.2740796950883693
2025-06-16,HE,Hessen,4,1751742,0.301649008885851,0.3026315789473684,12.75,12,0,0.08203914293435571,0.17311943549471712,0,6391360,0.2740796950883693
2025-06-23,HE,Hessen,4,1751742,0.2987012987012987,0.2987012987012987,12,12,0,0.08120921757704025,0.1759567366537424,0,6391360,0.2740796950883693
2025-06-30,HE,Hessen,4,1751742,0.3,0.3,19,19,0,0.08500510575749551,0.1784646345588684,0,6391360,0.2740796950883693
2024-07-01,HH,Hamburg,2,2046207,0.2597402597402597,0.2597402597402597,12,12,0,0.12823016448299487,0.13224863251000324,0,1892122,1
2024-07-08,HH,Hamburg,2,2046207,0.2597402597402597,0.2597402597402597,12,12,0,0.16610651982941788,0.1682331558435414,0,1892122,1
2024-07-15,HH,Hamburg,2,2046207,0.2597402597402597,0.2597402597402597,12,12,0,0.16330801709732856,0.1685731321855214,0,1892122,1
2024-07-22,HH,Hamburg,2,2046207,0.2597402597402597,0.2597402597402597,12,12,0,0.16097865911100173,0.16520031244591443,0,1892122,1
2024-07-29,HH,Hamburg,2,2046207,0.2597402597402597,0.2597402597402597,12,12,0,0.16154506150861442,0.16720156177285095,0,1892122,1
2024-08-05,HH,Hamburg,2,2046207,0.2777777777777778,0.2777777777777778,12,12,0,0.1618994267285244,0.16743268765821762,0,1892122,1
2024-08-12,HH,Hamburg,2,2046207,0.2727272727272727,0.2727272727272727,12,12,0,0.16157667233418407,0.1630835641909277,0,1892122,1
2024-08-19,HH,Hamburg,2,2046207,0.2857142857142857,0.2857142857142857,12,12,0,0.15227103966576327,0.15308701664640334,0,1892122,1
2024-08-26,HH,Hamburg,2,2046207,0.2857142857142857,0.2857142857142857,12,12,0,0.14800278989200744,0.15029336104654803,0,1892122,1
2024-09-02,HH,Hamburg,2,2046207,0.3055555555555556,0.3055555555555556,12,12,0,0.1542766754643564,0.15332445187710247,0,1892122,1
2024-09-09,HH,Hamburg,2,2046207,0.296017316017316,0.2987012987012987,13,12,0,0.14557837062129494,0.1491000164448891,0,1892122,1
2024-09-16,HH,Hamburg,2,2046207,0.29705882352941176,0.3,20,19,0,0.14623735279759503,0.15084459694395705,0,1892122,1
2024-09-23,HH,Hamburg,2,2046207,0.2922077922077922,0.2987012987012987,12,12,0,0.06710015749214568,0.07673424910200079,0,1892122,1
2024-09-30,HH,Hamburg,2,2046207,0.2922077922077922,0.2987012987012987,12,12,0,0.08272983796567991,0.09621397453594698,0,1892122,1
2024-10-07,HH,Hamburg,2,2046207,0.2922077922077922,0.2987012987012987,12,12,0,0.08335295647013097,0.10133634695060274,0,1892122,1
2024-10-14,HH,Hamburg,2,2046207,0.2928571428571428,0.3,19,19,0,0.08488718920094072,0.10434272814090448,0,1892122,1
2024-10-21,HH,Hamburg,2,2046207,0.2922077922077922,0.2987012987012987,12,12,0,0.08283904908256784,0.10153390977213764,0,1892122,1
2024-10-28,HH,Hamburg,2,2046207,0.2922077922077922,0.2987012987012987,12,12,0,0.08338856644474686,0.10201382538121445,0,1892122,1
2024-11-04,HH,Hamburg,2,2046207,0.2922077922077922,0.2987012987012987,12,12,0,0.08310660479777048,0.10205339544079038,0,1892122,1
2024-11-11,HH,Hamburg,2,2046207,0.2928571428571428,0.3,19,19,0,0.0761014687450635,0.10232819555053949,0,1892122,1
2024-11-18,HH,Hamburg,2,2046207,0.2922077922077922,0.2987012987012987,12,12,0,0.06256309719054036,0.09131023765069479,0,1892122,1
2024-11-25,HH,Hamburg,2,2046207,0.30212842712842713,0.3055555555555556,12,12,0,0.060342531437385216,0.08181708951201616,0,1892122,1
2024-12-02,HH,Hamburg,2,2046207,0.2987012987012987,0.2987012987012987,12,12,0,0.062397706426577826,0.08555091986798914,0,1892122,1
2024-12-09,HH,Hamburg,2,2046207,0.2987012987012987,0.2987012987012987,12,12,0,0.07218658158408298,0.08807607072021506,0,1892122,1
2024-12-16,HH,Hamburg,2,2046207,0.2987012987012987,0.2987012987012987,12,12,0,0.06146599706975023,0.0758968332069641,0,1892122,1
2024-12-23,HH,Hamburg,2,2046207,0.2987012987012987,0.2987012987012987,12,12,0,0.057703691281407996,0.06462960281790935,0,1892122,1
2024-12-30,HH,Hamburg,2,2046207,0.3,0.3,19,19,0,0.05925581714251159,0.06696849733639323,0,1892122,1
2025-01-06,HH,Hamburg,2,2046207,0.30158730158730157,0.30158730158730157,26,26,0,0.05815448048257202,0.06839086707534535,0,1892122,1
2025-01-13,HH,Hamburg,2,2046207,0.30357142857142855,0.30357142857142855,33,33,0,0.056615297156999984,0.06660524363184712,0,1892122,1
2025-01-20,HH,Hamburg,2,2046207,0.30612244897959184,0.30612244897959184,40,40,0,0.05602783712694452,0.06728604771512227,0,1892122,1
2025-01-27,HH,Hamburg,2,2046207,0.3,0.3,29,29,0,0.08706738071788965,0.09128267938015983,0,1892122,1
2025-02-03,HH,Hamburg,2,2046207,0.3018867924528302,0.3018867924528302,36,36,0,0.0926590925036143,0.09588152927654238,0,1892122,1
2025-02-10,HH,Hamburg,2,2046207,0.30434782608695654,0.30434782608695654,43,43,0,0.0987588303958615,0.1021148269304234,0,1892122,1
2025-02-17,HH,Hamburg,2,2046207,0.3076923076923077,0.3076923076923077,50,50,0,0.087865617065658,0.0926605738233252,0,1892122,1
2025-02-24,HH,Hamburg,2,2046207,0.3125,0.3125,57,57,0,0.08950674963267448,0.0904121783293203,0,1892122,1
2025-03-03,HH,Hamburg,2,2046207,0.32,0.32,64,64,0,0.08166027182563418,0.09093498107462063,0,1892122,1
2025-03-10,HH,Hamburg,2,2046207,0.3333333333333333,0.3333333333333333,71,71,0,0.09494965716272345,0.10162473234278586,0,1892122,1
2025-03-17,HH,Hamburg,2,2046207,0.1038961038961039,0.1038961038961039,12,12,0,0.11241440038790652,0.1782460136773889,0,1892122,1
2025-03-24,HH,Hamburg,2,2046207,0.12162162162162163,0.12162162162162163,14,14,0,0.24820257140906135,0.2681851961599867,0.2222222222222222,1892122,1
2025-03-31,HH,Hamburg,2,2046207,0.1388888888888889,0.1388888888888889,12,12,0,0.24734531642862442,0.35445581715186986,0.2,1892122,1
2025-04-07,HH,Hamburg,2,2046207,0.14781746031746032,0.1527777777777778,13,12,0,0.20798787259709162,0.4247261831928171,0.09523809523809523,1892122,1
2025-04-14,HH,Hamburg,2,2046207,0.31081081081081086,0.32432432432432434,12,12,0,0.0564988307739008,0.35427884299021517,0,1892122,1
2025-04-21,HH,Hamburg,2,2046207,0.3068181818181818,0.3181818181818182,12,12,0,0.06009773150989286,0.3274474342137274,0,1892122,1
2025-04-28,HH,Hamburg,2,2046207,0.3068181818181818,0.3181818181818182,19,19,0,0.06009773150989286,0.3274474342137274,0,1892122,1
2025-05-05,HH,Hamburg,2,2046207,0.2946428571428571,0.30357142857142855,14,14,0,0.06423702699536328,0.29889801793202525,0,1892122,1
2025-05-12,HH,Hamburg,2,2046207,0.2946428571428571,0.30357142857142855,21,21,0,0.06423702699536328,0.29889801793202525,0,1892122,1
2025-05-19,HH,Hamburg,2,2046207,0.2846153846153846,0.2923076923076923,19,19,0,0.13498131947107783,0.30435577378337,0.05405405405405406,1892122,1
2025-05-26,HH,Hamburg,2,2046207,0.2785714285714286,0.2857142857142857,19,19,0,0.21496978763293742,0.336954356446331,0.15384615384615385,1892122,1
2025-06-02,HH,Hamburg,2,2046207,0.2792207792207792,0.2857142857142857,12,12,0,0.2025129571632783,0.31541936207056853,0.13953488372093023,1892122,1
2025-06-09,HH,Hamburg,2,2046207,0.2785714285714286,0.2857142857142857,19,19,0,0.2124541955928887,0.3277051011980942,0.15384615384615385,1892122,1
2025-06-16,HH,Hamburg,2,2046207,0.2792207792207792,0.2857142857142857,12,12,0,0.20264625816713885,0.2928707676368314,0.13953488372093023,1892122,1
2025-06-23,HH,Hamburg,2,2046207,0.28869047619047616,0.2916666666666667,12,12,0,0.20321490364076486,0.2060274179246846,0.13953488372093023,1892122,1
2025-06-30,HH,Hamburg,2,2046207,0.2857142857142857,0.2857142857142857,19,19,0,0.20855045455406357,0.20809637863703062,0.15,1892122,1
2024-07-01,MV,Mecklenburg-Vorpommern,4,495846,0.27454545454545454,0.2857142857142857,12.5,12,0,0.16889920398102384,0.24138994735887087,0,1628378,0.3045030085152219
2024-07-08,MV,Mecklenburg-Vorpommern,4,495846,0.27342436974789913,0.2857142857142857,19.5,19,0,0.1577451404908791,0.2409157859518192,0,1628378,0.3045030085152219
2024-07-15,MV,Mecklenburg-Vorpommern,4,495846,0.2727272727272727,0.2857142857142857,12,12,0,0.1554075101610854,0.21073718708575973,0,1628378,0.3045030085152219
2024-07-22,MV,Mecklenburg-Vorpommern,4,495846,0.2727272727272727,0.2857142857142857,12,12,0,0.11094709356149902,0.18011177908945716,0,1628378,0.3045030085152219
2024-07-29,MV,Mecklenburg-Vorpommern,4,495846,0.27701118326118324,0.2857142857142857,12,12,0,0.09058829858287717,0.15109772458910842,0,1628378,0.3045030085152219
2024-08-05,MV,Mecklenburg-Vorpommern,4,495846,0.2952991452991453,0.3055555555555556,13.75,12,0,0.0954235117950873,0.14126336467461123,0,1628378,0.3045030085152219
2024-08-12,MV,Mecklenburg-Vorpommern,4,495846,0.28928571428571426,0.3,20.75,19,0,0.09529040850674944,0.12642602854458895,0,1628378,0.3045030085152219
2024-08-19,MV,Mecklenburg-Vorpommern,4,495846,0.2857142857142857,0.2987012987012987,12,12,0,0.08053358142824013,0.114763469764583,0,1628378,0.3045030085152219
2024-08-26,MV,Mecklenburg-Vorpommern,4,495846,0.28603896103896104,0.3,13.75,12,0,0.06963446726383622,0.11367775253676721,0,1628378,0.3045030085152219
2024-09-02,MV,Mecklenburg-Vorpommern,4,495846,0.2915007215007215,0.30158730158730157,16,12,0,0.050704300974088325,0.10451557864662422,0,1628378,0.3045030085152219
2024-09-09,MV,Mecklenburg-Vorpommern,4,495846,0.2921743697478991,0.30357142857142855,23,19,0,0.039553837183302964,0.08335708965391381,0,1628378,0.3045030085152219
2024-09-16,MV,Mecklenburg-Vorpommern,4,495846,0.2969963941860897,0.30612244897959184,30,26,0,0.041908923982805844,0.0816089288121521,0,1628378,0.3045030085152219
2024-09-23,MV,Mecklenburg-Vorpommern,4,495846,0.29333333333333333,0.29333333333333333,14,14,0,0.0641852773738897,0.08926290211682662,0,1628378,0.3045030085152219
2024-09-30,MV,Mecklenburg-Vorpommern,4,495846,0.2968627450980392,0.3,18.25,14,0,0.06678923956600756,0.08794515483637295,0,1628378,0.3045030085152219
2024-10-07,MV,Mecklenburg-Vorpommern,4,495846,0.2987012987012987,0.2987012987012987,12,12,0,0.06316138184658768,0.08602897665562097,0,1628378,0.3045030085152219
2024-10-14,MV,Mecklenburg-Vorpommern,4,495846,0.3,0.3,19,19,0,0.06471152854131705,0.08654704519370626,0,1628378,0.3045030085152219
2024-10-21,MV,Mecklenburg-Vorpommern,4,495846,0.30158730158730157,0.30158730158730157,26,26,0,0.06296512651074038,0.08539129282221734,0,1628378,0.3045030085152219
2024-10-28,MV,Mecklenburg-Vorpommern,4,495846,0.28103896103896103,0.2857142857142857,12.5,12,0,0.08996999780326022,0.10199325624266598,0,1628378,0.3045030085152219
2024-11-04,MV,Mecklenburg-Vorpommern,4,495846,0.2794633307868602,0.2857142857142857,14.75,12,0,0.09206554886256459,0.10436055525029031,0,1628378,0.3045030085152219
2024-11-11,MV,Mecklenburg-Vorpommern,4,495846,0.2805672268907563,0.2857142857142857,19.5,19,0,0.08780351536737276,0.09929976629394832,0,1628378,0.3045030085152219
2024-11-18,MV,Mecklenburg-Vorpommern,4,495846,0.2799895914650013,0.2857142857142857,26.5,26,0,0.04682287776779084,0.08790709440585301,0,1628378,0.3045030085152219
2024-11-25,MV,Mecklenburg-Vorpommern,4,495846,0.2661764705882353,0.2714285714285714,19.5,19,0,0.046500711122326045,0.08373022840959148,0,1628378,0.3045030085152219
2024-12-02,MV,Mecklenburg-Vorpommern,4,495846,0.262987012987013,0.2727272727272727,12,12,0,0.04695707253700943,0.07377247512937626,0,1628378,0.3045030085152219
2024-12-09,MV,Mecklenburg-Vorpommern,4,495846,0.26266233766233765,0.2727272727272727,13.75,12,0,0.04799211063504913,0.06856676483878693,0,1628378,0.3045030085152219
2024-12-16,MV,Mecklenburg-Vorpommern,4,495846,0.2603174603174603,0.2714285714285714,20.75,19,0,0.04517844606426832,0.06445052975464785,0,1628378,0.3045030085152219
2024-12-23,MV,Mecklenburg-Vorpommern,4,495846,0.25744047619047616,0.2698412698412698,27.75,26,0,0.04401259034937257,0.06557354717364669,0,1628378,0.3045030085152219
2024-12-30,MV,Mecklenburg-Vorpommern,4,495846,0.28254710975299213,0.29545454545454547,34.75,33,0,0.04411109620706738,0.06826646652011671,0,1628378,0.3045030085152219
2025-01-06,MV,Mecklenburg-Vorpommern,4,495846,0.2755102040816326,0.2857142857142857,41.75,40,0,0.04411109620706738,0.06993634233164889,0,1628378,0.3045030085152219
2025-01-13,MV,Mecklenburg-Vorpommern,4,495846,0.2738095238095238,0.2857142857142857,48.75,47,0,0.03603547478857396,0.06516873982890045,0,1628378,0.3045030085152219
2025-01-20,MV,Mecklenburg-Vorpommern,4,495846,0.2714285714285714,0.2857142857142857,55.75,54,0,0.0281345821929337,0.06692690037748132,0,1628378,0.3045030085152219
2025-01-27,MV,Mecklenburg-Vorpommern,4,495846,0.3046536796536796,0.3181818181818182,40.5,40,0,0.026005730215452154,0.055400433502372746,0,1628378,0.3045030085152219
2025-02-03,MV,Mecklenburg-Vorpommern,4,495846,0.25216450216450215,0.30952380952380953,29.5,12,0,0.023952558554319017,0.1119494107209898,0,1628378,0.3045030085152219
2025-02-10,MV,Mecklenburg-Vorpommern,4,495846,0.2571428571428571,0.3142857142857143,36.5,19,0,0.020398759422471685,0.11686332980432595,0,1628378,0.3045030085152219
2025-02-17,MV,Mecklenburg-Vorpommern,4,495846,0.26071428571428573,0.32142857142857145,40,19,0,0.021408707080317425,0.15397195480631345,0,1628378,0.3045030085152219
2025-02-24,MV,Mecklenburg-Vorpommern,4,495846,0.26666666666666666,0.3333333333333333,43.5,19,0,0.022356509420457478,0.19286144751654904,0,1628378,0.3045030085152219
2025-03-03,MV,Mecklenburg-Vorpommern,4,495846,0.27380952380952384,0.35714285714285715,50.5,26,0,0.022496985933429324,0.20758523352264974,0,1628378,0.3045030085152219
2025-03-10,MV,Mecklenburg-Vorpommern,4,495846,0.30357142857142855,0.42857142857142855,57.5,33,0,0.024366073782559717,0.2225424335288952,0,1628378,0.3045030085152219
2025-03-17,MV,Mecklenburg-Vorpommern,4,495846,0.2,0.2,51.5,14,0,0.17110107721100482,0.21011544767604012,0,1628378,0.3045030085152219
2025-03-24,MV,Mecklenburg-Vorpommern,2,369880,0.2978723404255319,0.2978723404255319,21,21,0,0.08835529824737214,0.10407021815893755,0,1628378,0.22714627684726765
2025-03-31,MV,Mecklenburg-Vorpommern,2,369880,0.2978723404255319,0.2978723404255319,28,28,0,0.08835529824737214,0.10407021815893755,0,1628378,0.22714627684726765
2025-04-07,MV,Mecklenburg-Vorpommern,2,369880,0.2978723404255319,0.2978723404255319,35,35,0,0.08835529824737214,0.10407021815893755,0,1628378,0.22714627684726765
2025-04-14,MV,Mecklenburg-Vorpommern,2,369880,0.2928571428571428,0.3,15.5,12,0,0.11358122578083146,0.1257473100525925,0,1628378,0.22714627684726765
2025-04-21,MV,Mecklenburg-Vorpommern,2,369880,0.2936507936507936,0.30158730158730157,22.5,19,0,0.11249898689510943,0.12629942570095565,0,1628378,0.22714627684726765
2025-04-28,MV,Mecklenburg-Vorpommern,2,369880,0.2946428571428571,0.30357142857142855,29.5,26,0,0.10949246236821539,0.1244342844547948,0,1628378,0.22714627684726765
2025-05-05,MV,Mecklenburg-Vorpommern,2,369880,0.2936507936507936,0.30158730158730157,26,26,0,0.10629402334015696,0.12361903938592478,0,1628378,0.22714627684726765
2025-05-12,MV,Mecklenburg-Vorpommern,2,369880,0.2946428571428571,0.30357142857142855,33,33,0,0.11024464127922488,0.12833678600912304,0,1628378,0.22714627684726765
2025-05-19,MV,Mecklenburg-Vorpommern,2,369880,0.21710526315789475,0.2236842105263158,13,13,1,0.13358925763867766,0.14834486902709393,0,1628378,0.22714627684726765
2025-05-26,MV,Mecklenburg-Vorpommern,2,369880,0.21710526315789475,0.2236842105263158,13,13,1,0.13967383250333987,0.16717517719243538,0,1628378,0.22714627684726765
2025-06-02,MV,Mecklenburg-Vorpommern,2,369880,0.21710526315789475,0.2236842105263158,13,13,1,0.13832594978782378,0.16575568852807027,0,1628378,0.22714627684726765
2025-06-09,MV,Mecklenburg-Vorpommern,2,369880,0.22,0.22666666666666666,14,14,1,0.13650878368849104,0.15832355219198996,0,1628378,0.22714627684726765
2025-06-16,MV,Mecklenburg-Vorpommern,2,369880,0.21710526315789475,0.2236842105263158,13,13,1,0.1481964542463273,0.16117911719857378,0,1628378,0.22714627684726765
2025-06-23,MV,Mecklenburg-Vorpommern,2,369880,0.2236842105263158,0.2236842105263158,13,13,1,0.15021408646960627,0.1520987927063288,0,1628378,0.22714627684726765
2025-06-30,MV,Mecklenburg-Vorpommern,2,369880,0.21739130434782608,0.21739130434782608,20,20,1,0.13234757553988213,0.14405186999522537,0,1628378,0.22714627684726765
2024-07-01,NI,Niedersachsen,9,1830321,0.27866479925303456,0.3,19.22222222222222,19,0,0.09789661116621706,0.15059689498691434,0,8140242,0.22484847502076719
2024-07-08,NI,Niedersachsen,9,1830321,0.27994227994227994,0.2987012987012987,12,12,0,0.09448170917537002,0.14263141616010971,0,8140242,0.22484847502076719
2024-07-15,NI,Niedersachsen,9,1830321,0.27994227994227994,0.2987012987012987,12,12,0,0.09106954975103648,0.14120354375592764,0,8140242,0.22484847502076719
2024-07-22,NI,Niedersachsen,9,1830321,0.27994227994227994,0.2987012987012987,12,12,0,0.09060677185076936,0.14458761415165355,0,8140242,0.22484847502076719
2024-07-29,NI,Niedersachsen,9,1830321,0.28528878528878526,0.2987012987012987,12,12,0,0.09559043635254388,0.14305260881825924,0,8140242,0.22484847502076719
2024-08-05,NI,Niedersachsen,9,1830321,0.2932098765432099,0.3055555555555556,12,12,0,0.0932335962537362,0.13892115413456288,0,8140242,0.22484847502076719
2024-08-12,NI,Niedersachsen,9,1830321,0.28715728715728717,0.2987012987012987,12,12,0,0.09379982754436547,0.13862501710322944,0,8140242,0.22484847502076719
2024-08-19,NI,Niedersachsen,9,1830321,0.28896436896436895,0.3076923076923077,12.222222222222221,12,0,0.08991180825263069,0.13769554912747875,0,8140242,0.22484847502076719
2024-08-26,NI,Niedersachsen,9,1830321,0.28715728715728717,0.2987012987012987,12,12,0,0.08650317928142798,0.1302923721044097,0,8140242,0.22484847502076719
2024-09-02,NI,Niedersachsen,9,1830321,0.29278499278499276,0.2987012987012987,12.777777777777779,12,0,0.0772014281427557,0.11250789519059448,0,8140242,0.22484847502076719
2024-09-09,NI,Niedersachsen,9,1830321,0.292584364952786,0.3026315789473684,12.11111111111111,12,0,0.08098986397848715,0.10059844825480233,0,8140242,0.22484847502076719
2024-09-16,NI,Niedersachsen,9,1830321,0.29148629148629146,0.2987012987012987,12,12,0,0.0648120742098037,0.09524805544417154,0,8140242,0.22484847502076719
2024-09-23,NI,Niedersachsen,9,1830321,0.29365079365079366,0.3,19,19,0,0.06345663878503922,0.09655175784784308,0,8140242,0.22484847502076719
2024-09-30,NI,Niedersachsen,9,1830321,0.29292929292929293,0.2987012987012987,12,12,0,0.0699371148626139,0.10028927455256517,0,8140242,0.22484847502076719
2024-10-07,NI,Niedersachsen,9,1830321,0.29292929292929293,0.2987012987012987,12,12,0,0.06812832425882681,0.10117560813965312,0,8140242,0.22484847502076719
2024-10-14,NI,Niedersachsen,9,1830321,0.2992592592592592,0.30666666666666664,14,14,0,0.06601065146175268,0.09984971071024966,0,8140242,0.22484847502076719
2024-10-21,NI,Niedersachsen,9,1830321,0.29148629148629146,0.2987012987012987,12,12,0,0.06682446896350615,0.10215373498518585,0,8140242,0.22484847502076719
2024-10-28,NI,Niedersachsen,9,1830321,0.29148629148629146,0.2987012987012987,12,12,0,0.0677248585987609,0.10020355306808412,0,8140242,0.22484847502076719
2024-11-04,NI,Niedersachsen,9,1830321,0.2951338784672118,0.3055555555555556,12,12,0,0.07101337514491264,0.10214186511457607,0,8140242,0.22484847502076719
2024-11-11,NI,Niedersachsen,9,1830321,0.2982456140350877,0.3026315789473684,13,13,0,0.06909243476249113,0.10296641767892248,0,8140242,0.22484847502076719
2024-11-18,NI,Niedersachsen,9,1830321,0.2973232323232323,0.2987012987012987,12.222222222222221,12,0,0.06954843020148245,0.10025568980882495,0,8140242,0.22484847502076719
2024-11-25,NI,Niedersachsen,9,1830321,0.2954082954082954,0.2987012987012987,12,12,0,0.06865099364049618,0.09670712980714348,0,8140242,0.22484847502076719
2024-12-02,NI,Niedersachsen,9,1830321,0.2958152958152958,0.2987012987012987,12,12,0,0.07040757072358944,0.09674563547263383,0,8140242,0.22484847502076719
2024-12-09,NI,Niedersachsen,9,1830321,0.2952188552188552,0.2987012987012987,12.222222222222221,12,0,0.04706680533831639,0.0959815839665357,0,8140242,0.22484847502076719
2024-12-16,NI,Niedersachsen,9,1830321,0.29292929292929293,0.2987012987012987,12,12,0,0.04883889542985334,0.09480655691331143,0,8140242,0.22484847502076719
2024-12-23,NI,Niedersachsen,9,1830321,0.2922943722943723,0.2987012987012987,12.222222222222221,12,0,0.05416034622095535,0.08953993931270687,0,8140242,0.22484847502076719
2024-12-30,NI,Niedersachsen,9,1830321,0.30183150183150187,0.3076923076923077,19.22222222222222,19,0,0.0487395506794088,0.08673696749314665,0,8140242,0.22484847502076719
2025-01-06,NI,Niedersachsen,9,1830321,0.29551565617139386,0.30158730158730157,26.22222222222222,26,0,0.047906695179058545,0.08687180789605053,0,8140242,0.22484847502076719
2025-01-13,NI,Niedersachsen,9,1830321,0.29673721340388004,0.30357142857142855,33.22222222222222,33,0,0.045524622850060814,0.08853416756305031,0,8140242,0.22484847502076719
2025-01-20,NI,Niedersachsen,9,1830321,0.29830655666521927,0.30612244897959184,40.22222222222222,40,0,0.048657185353094365,0.09166406869930767,0,8140242,0.22484847502076719
2025-01-27,NI,Niedersachsen,9,1830321,0.27315477564842605,0.3,23.555555555555557,19,0,0.05839316950671763,0.10638358580011863,0,8140242,0.22484847502076719
2025-02-03,NI,Niedersachsen,9,1830321,0.2806348525688148,0.30952380952380953,21.22222222222222,12,0,0.05700618883054931,0.14174580949528318,0,8140242,0.22484847502076719
2025-02-10,NI,Niedersachsen,9,1830321,0.2800112930547713,0.3142857142857143,23.555555555555557,12,0,0.05989235474914651,0.1471082957991892,0,8140242,0.22484847502076719
2025-02-17,NI,Niedersachsen,9,1830321,0.28024753024753024,0.32142857142857145,25.88888888888889,12,0,0.06390091973184245,0.16013632644039422,0,8140242,0.22484847502076719
2025-02-24,NI,Niedersachsen,9,1830321,0.2787103174603175,0.3333333333333333,29.555555555555557,14,0,0.05794605043595661,0.15450163183268306,0,8140242,0.22484847502076719
2025-03-03,NI,Niedersachsen,9,1830321,0.2860680060680061,0.35714285714285715,30.555555555555557,12,0,0.04106320418366565,0.15540709268899436,0,8140242,0.22484847502076719
2025-03-10,NI,Niedersachsen,9,1830321,0.3002614669281336,0.42857142857142855,32.888888888888886,12,0,0.0047957816878663575,0.1519526877418302,0,8140242,0.22484847502076719
2025-03-17,NI,Niedersachsen,9,1830321,0.2792207792207792,0.2857142857142857,35.22222222222222,12,0,0.042860084880110984,0.15565857901916905,0,8140242,0.22484847502076719
2025-03-24,NI,Niedersachsen,8,1759077,0.3011415525114155,0.3013698630136986,30.25,12,0,0.12806443199247824,0.14803090077682843,0,8140242,0.21609640106522632
2025-03-31,NI,Niedersachsen,6,1498168,0.2987012987012987,0.2987012987012987,12,12,0,0.12746646630420583,0.15099782682175106,0,8140242,0.18404465125238292
2025-04-07,NI,Niedersachsen,6,1498168,0.2987012987012987,0.2987012987012987,12,12,0,0.10502413101369895,0.151178122041801,0,8140242,0.18404465125238292
2025-04-14,NI,Niedersachsen,6,1498168,0.2987012987012987,0.2987012987012987,12,12,0,0.104580210470202,0.16187145802250313,0,8140242,0.18404465125238292
2025-04-21,NI,Niedersachsen,6,1498168,0.2987012987012987,0.2987012987012987,12,12,0,0.10426082719938212,0.16632177331969364,0,8140242,0.18404465125238292
2025-04-28,NI,Niedersachsen,6,1498168,0.3026315789473684,0.3026315789473684,13,13,0,0.10033752524672027,0.1671503292945279,0,8140242,0.18404465125238292
2025-05-05,NI,Niedersachsen,6,1498168,0.2987012987012987,0.2987012987012987,12,12,0,0.12232763747136818,0.16720561854420274,0,8140242,0.18404465125238292
2025-05-12,NI,Niedersachsen,6,1498168,0.30735735735735736,0.3108108108108108,14,14,0,0.1356980590791736,0.18229549312930196,0,8140242,0.18404465125238292
2025-05-19,NI,Niedersachsen,6,1498168,0.2987012987012987,0.2987012987012987,12,12,0,0.1306955331799099,0.166604617621875,0,8140242,0.18404465125238292
2025-05-26,NI,Niedersachsen,6,1498168,0.2987012987012987,0.2987012987012987,12,12,0,0.11608556950670262,0.15000322425568052,0,8140242,0.18404465125238292
2025-06-02,NI,Niedersachsen,6,1498168,0.2987012987012987,0.2987012987012987,12,12,0,0.09384714852938712,0.14361439369375675,0,8140242,0.18404465125238292
2025-06-09,NI,Niedersachsen,6,1498168,0.30666666666666664,0.30666666666666664,14,14,0,0.09823814609277391,0.1497362553331645,0,8140242,0.18404465125238292
2025-06-16,NI,Niedersachsen,6,1498168,0.3026315789473684,0.3026315789473684,13,13,0,0.10002098794165674,0.15197127523501525,0,8140242,0.18404465125238292
2025-06-23,NI,Niedersachsen,6,1498168,0.2987012987012987,0.2987012987012987,12,12,0,0.1063083213401168,0.1530623397024501,0,8140242,0.18404465125238292
2025-06-30,NI,Niedersachsen,6,1498168,0.3,0.3,19,19,0,0.10600078159811276,0.1534303647037173,0,8140242,0.18404465125238292
2024-07-01,NW,Nordrhein-Westfalen,20,5890127,0.26480463653993064,0.2987012987012987,14.75,12,0,0.09699202778414744,0.35900425028310123,0,18139116,0.3247196280127433
2024-07-08,NW,Nordrhein-Westfalen,20,5890127,0.2643462138953942,0.2987012987012987,14.75,12,0,0.1106947516569178,0.3510439831212444,0,18139116,0.3247196280127433
2024-07-15,NW,Nordrhein-Westfalen,20,5890127,0.26479591836734695,0.2987012987012987,15.25,12,0,0.099810161345298,0.32564042742205546,0,18139116,0.3247196280127433
2024-07-22,NW,Nordrhein-Westfalen,20,5890127,0.26793464198636613,0.2987012987012987,14.55,12,0,0.10514009568140743,0.31154882981411997,0,18139116,0.3247196280127433
2024-07-29,NW,Nordrhein-Westfalen,21,6061691,0.2718357540108257,0.34782608695652173,15.095238095238095,12,0,0.10182056117563126,0.30000569626117807,0,18139116,0.33417786180980374
2024-08-05,NW,Nordrhein-Westfalen,21,6061691,0.2819481576624434,0.3055555555555556,14.523809523809524,12,0,0.10560750773167975,0.28972940845371825,0,18139116,0.33417786180980374
2024-08-12,NW,Nordrhein-Westfalen,21,6061691,0.28058067453025437,0.3,17.285714285714285,12,0,0.1030293054635234,0.28178746585206305,0,18139116,0.33417786180980374
2024-08-19,NW,Nordrhein-Westfalen,21,6061691,0.2822753101648266,0.30158730158730157,20.952380952380953,12,0,0.0849124948416513,0.2678339420815102,0,18139116,0.33417786180980374
2024-08-26,NW,Nordrhein-Westfalen,21,6061691,0.2802330985176537,0.3076923076923077,14.666666666666666,12,0,0.08253813892208399,0.2525310151640386,0,18139116,0.33417786180980374
2024-09-02,NW,Nordrhein-Westfalen,21,6061691,0.27967227991858534,0.30158730158730157,14.761904761904763,12,0,0.05290074059108415,0.24641826553987956,0,18139116,0.33417786180980374
2024-09-09,NW,Nordrhein-Westfalen,21,6061691,0.2795399045399045,0.30357142857142855,15.761904761904763,12,0,0.05099187179824423,0.24545259470925876,0,18139116,0.33417786180980374
2024-09-16,NW,Nordrhein-Westfalen,21,6061691,0.27976445323384097,0.30612244897959184,15.666666666666668,12,0,0.05272115997256894,0.24889088806147436,0,18139116,0.33417786180980374
2024-09-23,NW,Nordrhein-Westfalen,21,6061691,0.2782312925170068,0.3,15.666666666666666,12,0,0.05260391741818494,0.24659105278354135,0,18139116,0.33417786180980374
2024-09-30,NW,Nordrhein-Westfalen,21,6061691,0.2808012093726379,0.3076923076923077,22.666666666666668,19,0,0.055244125444137274,0.24533753173699258,0,18139116,0.33417786180980374
2024-10-07,NW,Nordrhein-Westfalen,21,6061691,0.26632087178305663,0.30158730158730157,14.666666666666666,12,0,0.047848532562845845,0.24106608520029166,0,18139116,0.33417786180980374
2024-10-14,NW,Nordrhein-Westfalen,21,6061691,0.2724255153294966,0.30158730158730157,17.61904761904762,12,0,0.04904182586253771,0.2324913283986744,0,18139116,0.33417786180980374
2024-10-21,NW,Nordrhein-Westfalen,21,6061691,0.26567164550357825,0.3137254901960784,13.333333333333334,12,0,0.055488721786160954,0.23192657802432512,0,18139116,0.33417786180980374
2024-10-28,NW,Nordrhein-Westfalen,21,6061691,0.27328572454622874,0.3137254901960784,20,19,0,0.05659840283240082,0.22636817575508408,0,18139116,0.33417786180980374
2024-11-04,NW,Nordrhein-Westfalen,21,6061691,0.2695643336699759,0.2857142857142857,18.095238095238095,12,0,0.05820142216861168,0.23084812691902679,0,18139116,0.33417786180980374
2024-11-11,NW,Nordrhein-Westfalen,21,6061691,0.26666323094894523,0.2857142857142857,17.761904761904763,12,0,0.05859393509955001,0.22987354023161868,0,18139116,0.33417786180980374
2024-11-18,NW,Nordrhein-Westfalen,21,6061691,0.2623980501291425,0.2857142857142857,17.523809523809526,12,0,0.05770780715119385,0.23410772103922764,0,18139116,0.33417786180980374
2024-11-25,NW,Nordrhein-Westfalen,21,6061691,0.2603318903318903,0.2857142857142857,13.095238095238095,12,0,0.058145892903489364,0.24096762911314898,0,18139116,0.33417786180980374
2024-12-02,NW,Nordrhein-Westfalen,21,6061691,0.26062647281134677,0.2857142857142857,20.095238095238095,19,0,0.06103553653369131,0.24423398988199035,0,18139116,0.33417786180980374
2024-12-09,NW,Nordrhein-Westfalen,21,6061691,0.26819353226916254,0.3076923076923077,15.857142857142856,12,0,0.049482934913421976,0.25558162856927674,0.0024937655860349127,18139116,0.33417786180980374
2024-12-16,NW,Nordrhein-Westfalen,21,6061691,0.2659840415242576,0.3055555555555556,16.095238095238095,12,0,0.04768958820697603,0.2641248424095342,0.0024630541871921183,18139116,0.33417786180980374
2024-12-23,NW,Nordrhein-Westfalen,21,6061691,0.2733869305297877,0.2987012987012987,12.523809523809524,12,0,0.04059616953390517,0.2709824299426233,0.002277904328018223,18139116,0.33417786180980374
2024-12-30,NW,Nordrhein-Westfalen,21,6061691,0.28638305563771405,0.3076923076923077,19.523809523809526,19,0,0.04143436960453589,0.2762858568006269,0.0024813895781637717,18139116,0.33417786180980374
2025-01-06,NW,Nordrhein-Westfalen,21,6061691,0.2847431322255678,0.30357142857142855,26.523809523809526,26,0,0.04083431931942281,0.2812825088058587,0.002688172043010753,18139116,0.33417786180980374
2025-01-13,NW,Nordrhein-Westfalen,21,6061691,0.2861887323471957,0.3137254901960784,33.523809523809526,33,0,0.0401002384824083,0.2846507316958362,0.0030120481927710845,18139116,0.33417786180980374
2025-01-20,NW,Nordrhein-Westfalen,21,6061691,0.2882075829318556,0.30952380952380953,40.523809523809526,40,0,0.03653624790729497,0.2864779813314075,0.003424657534246575,18139116,0.33417786180980374
2025-01-27,NW,Nordrhein-Westfalen,21,6061691,0.2970963277085726,0.3181818181818182,40.333333333333336,40,0,0.03863553329975599,0.28884880656607975,0.003367003367003367,18139116,0.33417786180980374
2025-02-03,NW,Nordrhein-Westfalen,21,6061691,0.29389315103600816,0.30952380952380953,45.666666666666664,12,0.04761904761904761,0.03904821959955232,0.2892243349724786,0.0038022813688212928,18139116,0.33417786180980374
2025-02-10,NW,Nordrhein-Westfalen,21,6061691,0.30286538857967427,0.3333333333333333,52.333333333333336,12,0.04761904761904761,0.03268950238011272,0.29301603995701303,0.004424778761061947,18139116,0.33417786180980374
2025-02-17,NW,Nordrhein-Westfalen,21,6061691,0.3101019063751983,0.32142857142857145,59,12,0.04761904761904761,0.035378763846559524,0.2964267210743718,0,18139116,0.33417786180980374
2025-02-24,NW,Nordrhein-Westfalen,21,6061691,0.329724111866969,0.4444444444444444,65.76190476190476,14,0.04761904761904761,0.0308316388491137,0.29621658564648734,0,18139116,0.33417786180980374
2025-03-03,NW,Nordrhein-Westfalen,21,6061691,0.33457019171304886,0.42857142857142855,69.33333333333333,12,0.09523809523809522,0.03376282084797687,0.2896783763742292,0,18139116,0.33417786180980374
2025-03-10,NW,Nordrhein-Westfalen,21,6061691,0.41344155844155844,1,72.66666666666667,12,0.09523809523809522,0.006686984981065637,0.5069122415042162,0.06593406593406594,18139116,0.33417786180980374
2025-03-17,NW,Nordrhein-Westfalen,20,5873923,0.18326118326118326,0.23809523809523808,78.15,12,0.1,0.09363820129607416,0.614371641627205,0.10714285714285714,18139116,0.3238263099480702
2025-03-24,NW,Nordrhein-Westfalen,3,1481535,0.3117816091954023,0.32142857142857145,14.333333333333334,12,0,0.09989830970684817,0.763627432803094,0.1590909090909091,18139116,0.08167625147774567
2025-03-31,NW,Nordrhein-Westfalen,3,1481535,0.30714285714285716,0.3142857142857143,12,12,0,0.09782990495240593,0.7852928435613156,0.15384615384615385,18139116,0.08167625147774567
2025-04-07,NW,Nordrhein-Westfalen,3,1481535,0.30317460317460315,0.30952380952380953,14.333333333333334,12,0,0.09440696720676844,0.7342502023051241,0.14545454545454545,18139116,0.08167625147774567
2025-04-14,NW,Nordrhein-Westfalen,3,1481535,0.3021370164227307,0.30612244897959184,16.666666666666668,12,0,0.09648859213456207,0.6851088210695968,0.12280701754385964,18139116,0.08167625147774567
2025-04-21,NW,Nordrhein-Westfalen,9,3932221,0.2875982042648709,0.30357142857142855,23.666666666666668,12,0,0.08508912709463261,1.1971558577723742,0.27607361963190186,18139116,0.21678129187772988
2025-04-28,NW,Nordrhein-Westfalen,9,3932221,0.2901815791398619,0.3064516129032258,29.333333333333332,13,0,0.07164545690111629,1.2202516627119075,0.28289473684210525,18139116,0.21678129187772988
2025-05-05,NW,Nordrhein-Westfalen,9,3932221,0.28824068347877874,0.30612244897959184,32.22222222222222,12,0,0.06124926481368537,1.295188724835769,0.3013698630136986,18139116,0.21678129187772988
2025-05-12,NW,Nordrhein-Westfalen,9,3932221,0.28964165464165464,0.30666666666666664,15.222222222222221,12,0,0.06503647587916937,1.795101901525426,0.3125,18139116,0.21678129187772988
2025-05-19,NW,Nordrhein-Westfalen,9,3932221,0.2894248608534323,0.30612244897959184,15.11111111111111,12,0,0.06687805687283886,2.0641651371785437,0.328125,18139116,0.21678129187772988
2025-05-26,NW,Nordrhein-Westfalen,10,4119989,0.28679653679653677,0.30952380952380953,15.5,12,0,0.06511253872409112,2.5245436127469296,0.38095238095238093,18139116,0.22713284373946338
2025-06-02,NW,Nordrhein-Westfalen,10,4119989,0.29573232323232324,0.3142857142857143,16.2,12,0,0.06822468465083033,2.7376724507656824,0.4238095238095238,18139116,0.22713284373946338
2025-06-09,NW,Nordrhein-Westfalen,10,4119989,0.2943246753246753,0.32142857142857145,17.9,12,0,0.06696029195921786,2.639990879466844,0.4182692307692308,18139116,0.22713284373946338
2025-06-16,NW,Nordrhein-Westfalen,10,4119989,0.2977557530189109,0.3333333333333333,17.8,12,0,0.07342377424274195,2.8515504031430607,0.4380952380952381,18139116,0.22713284373946338
2025-06-23,NW,Nordrhein-Westfalen,10,4119989,0.29935064935064937,0.35714285714285715,18.3,12,0,0.07422671674598377,3.0192086606350075,0.4423076923076923,18139116,0.22713284373946338
2025-06-30,NW,Nordrhein-Westfalen,10,4119989,0.3071428571428571,0.42857142857142855,25.3,19,0,0.07596017918109933,2.9993055247279994,0.4521276595744681,18139116,0.22713284373946338
2024-07-01,RP,Rheinland-Pfalz,16,1391552,0.2691929824561404,0.29333333333333333,14.375,14,0,0.19377454910547445,0.44823335006895915,0,4159150,0.3345760552035873
2024-07-08,RP,Rheinland-Pfalz,16,1391552,0.27476190476190476,0.3,19.625,19,0,0.2153911413883049,0.43430411657583445,0,4159150,0.3345760552035873
2024-07-15,RP,Rheinland-Pfalz,16,1391552,0.27199589199589197,0.3,15.0625,12,0,0.18860676367683696,0.36805069985658595,0,4159150,0.3345760552035873
2024-07-22,RP,Rheinland-Pfalz,16,1391552,0.26168650793650794,0.3,14.8125,14,0,0.07483665070092516,0.3366547025893951,0,4159150,0.3345760552035873
2024-07-29,RP,Rheinland-Pfalz,16,1391552,0.26789164941338856,0.3,19.5,19,0,0.17079358429587005,0.31872743380573465,0,4159150,0.3345760552035873
2024-08-05,RP,Rheinland-Pfalz,16,1391552,0.2718934209065788,0.3026315789473684,13.5,12,0,0.1837097014665226,0.29923781175102293,0,4159150,0.3345760552035873
2024-08-12,RP,Rheinland-Pfalz,16,1391552,0.2796796953046953,0.3076923076923077,20.375,19,0,0.1726370367283311,0.25919033589774415,0,4159150,0.3345760552035873
2024-08-19,RP,Rheinland-Pfalz,15,1363234,0.27776046176046176,0.29333333333333333,14.266666666666667,13,0,0.16316400657255264,0.23656406776279212,0,4159150,0.32776745248428163
2024-08-26,RP,Rheinland-Pfalz,15,1363234,0.28881085098476406,0.3076923076923077,19.2,19,0,0.13021540014340277,0.21719922637129396,0,4159150,0.32776745248428163
2024-09-02,RP,Rheinland-Pfalz,15,1363234,0.2851765114060196,0.30158730158730157,26.2,26,0,0.09847555488399026,0.2046276125280113,0,4159150,0.32776745248428163
2024-09-09,RP,Rheinland-Pfalz,16,1391552,0.28695018796992483,0.42857142857142855,14.375,14,0,0.1132984762883942,0.217819433565738,0,4159150,0.3345760552035873
2024-09-16,RP,Rheinland-Pfalz,16,1391552,0.28724045474045473,0.4444444444444444,14.4375,14,0,0.10274081246929237,0.21288529576496257,0,4159150,0.3345760552035873
2024-09-23,RP,Rheinland-Pfalz,16,1391552,0.2822144001831502,0.3125,15,14,0,0.10150875942546236,0.22026793416937923,0,4159150,0.3345760552035873
2024-09-30,RP,Rheinland-Pfalz,16,1391552,0.28402475231896035,0.3125,22,21,0,0.10431972027054917,0.22332165025264453,0,4159150,0.3345760552035873
2024-10-07,RP,Rheinland-Pfalz,16,1391552,0.268960837408734,0.3125,22.125,19,0,0.10732318557076428,0.22434508900517455,0,4159150,0.3345760552035873
2024-10-14,RP,Rheinland-Pfalz,16,1391552,0.28268803194354664,0.3125,20.875,14,0,0.11475535041642924,0.21824895911041914,0,4159150,0.3345760552035873
2024-10-21,RP,Rheinland-Pfalz,15,1363234,0.274491548742435,0.30158730158730157,20.533333333333335,18,0,0.11138948494169294,0.2149186725588371,0,4159150,0.32776745248428163
2024-10-28,RP,Rheinland-Pfalz,16,1391552,0.2652760933919022,0.3125,17.5,13,0,0.09570136555625643,0.20594388622017773,0.06756756756756757,4159150,0.3345760552035873
2024-11-04,RP,Rheinland-Pfalz,16,1391552,0.26827575003548365,0.3125,18.0625,12,0,0.0848631052918592,0.20353502935497905,0.07094594594594594,4159150,0.3345760552035873
2024-11-11,RP,Rheinland-Pfalz,16,1391552,0.2768154761904762,0.29333333333333333,15,14,0,0.09369510117680727,0.18692805828985606,0.05846153846153846,4159150,0.3345760552035873
2024-11-18,RP,Rheinland-Pfalz,16,1391552,0.279412309182046,0.3026315789473684,12.3125,12,0,0.10526653960060786,0.1959953566947198,0.05539358600583091,4159150,0.3345760552035873
2024-11-25,RP,Rheinland-Pfalz,16,1391552,0.27782165138782783,0.2987012987012987,13.5625,12,0,0.10279547364569945,0.19204555703227713,0.050746268656716415,4159150,0.3345760552035873
2024-12-02,RP,Rheinland-Pfalz,16,1391552,0.2787098865254,0.2987012987012987,13.625,12,0,0.11660943595292683,0.20118554729711544,0.07164179104477612,4159150,0.3345760552035873
2024-12-09,RP,Rheinland-Pfalz,16,1391552,0.27458333333333335,0.2987012987012987,13.0625,12,0,0.10593091382605961,0.19939758111088157,0.07784431137724551,4159150,0.3345760552035873
2024-12-16,RP,Rheinland-Pfalz,16,1391552,0.27604413560295915,0.3,19.625,19,0,0.10755003381729747,0.1975853777145567,0.0756578947368421,4159150,0.3345760552035873
2024-12-23,RP,Rheinland-Pfalz,16,1391552,0.2708914082874529,0.29333333333333333,14.8125,14,0,0.10388194389923155,0.19476577558519753,0.07836990595611286,4159150,0.3345760552035873
2024-12-30,RP,Rheinland-Pfalz,16,1391552,0.2756924817018933,0.30158730158730157,21.8125,21,0,0.10638817204411857,0.20278920127629393,0.0859106529209622,4159150,0.3345760552035873
2025-01-06,RP,Rheinland-Pfalz,16,1391552,0.2736653461475665,0.30357142857142855,28.8125,28,0,0.1072257511471609,0.2074409958610179,0.0916030534351145,4159150,0.3345760552035873
2025-01-13,RP,Rheinland-Pfalz,16,1391552,0.27561825557646225,0.30612244897959184,35.8125,35,0,0.10181882631275754,0.2125371730376742,0.09401709401709402,4159150,0.3345760552035873
2025-01-20,RP,Rheinland-Pfalz,16,1391552,0.27322378419452886,0.2978723404255319,42.8125,42,0,0.10812372266988818,0.2149759988772513,0.09359605911330049,4159150,0.3345760552035873
2025-01-27,RP,Rheinland-Pfalz,16,1391552,0.2677391193421276,0.30612244897959184,35.4375,21,0,0.1032335049948602,0.21997269747904813,0.09691629955947137,4159150,0.3345760552035873
2025-02-03,RP,Rheinland-Pfalz,16,1391552,0.26589240620490623,0.30952380952380953,36.25,12,0,0.10887365960507733,0.22995166742261736,0.15454545454545454,4159150,0.3345760552035873
2025-02-10,RP,Rheinland-Pfalz,16,1391552,0.2803342038396386,0.34782608695652173,41.375,12,0,0.09692511049589378,0.23218896000695974,0.19095477386934673,4159150,0.3345760552035873
2025-02-17,RP,Rheinland-Pfalz,16,1391552,0.2817185833490181,0.34782608695652173,46.625,12,0,0.09240961458672475,0.25951656231184206,0.23333333333333334,4159150,0.3345760552035873
2025-02-24,RP,Rheinland-Pfalz,16,1391552,0.29791666666666666,0.375,53.625,19,0,0.06711462709727553,0.2458289526760088,0.23026315789473684,4159150,0.3345760552035873
2025-03-03,RP,Rheinland-Pfalz,16,1391552,0.30714285714285716,0.35714285714285715,57.5625,19,0,0.0543368481475376,0.2588117980486077,0.3088235294117647,4159150,0.3345760552035873
2025-03-10,RP,Rheinland-Pfalz,16,1391552,0.39560866013071894,1,63.4375,19,0,0.04174872160752631,0.27763231665922866,0.4036697247706422,4159150,0.3345760552035873
2025-03-17,RP,Rheinland-Pfalz,16,1391552,0.5307017543859649,2,65.3125,13,0.3125,0.08550730425639894,0.29442517058968437,0.5196078431372549,4159150,0.3345760552035873
2025-03-24,RP,Rheinland-Pfalz,5,673527,0.2753623188405797,0.30434782608695654,13,13,1,0.22079136340866243,0.27362061435803764,0.5368421052631579,4159150,0.16193861726554704
2025-03-31,RP,Rheinland-Pfalz,5,673527,0.27631578947368424,0.3026315789473684,13,13,1,0.21985539581932584,0.26780792202104636,0.4857142857142857,4159150,0.16193861726554704
2025-04-07,RP,Rheinland-Pfalz,5,673527,0.28421052631578947,0.3026315789473684,13,13,1,0.16898410920750118,0.24772716971365,0.47619047619047616,4159150,0.16193861726554704
2025-04-14,RP,Rheinland-Pfalz,5,673527,0.28491475166790214,0.3026315789473684,13,13,1,0.1804988609868926,0.24906393845415595,0.42990654205607476,4159150,0.16193861726554704
2025-04-21,RP,Rheinland-Pfalz,5,673527,0.28773165307635284,0.3026315789473684,13,13,1,0.18705874133950615,0.24788738850595374,0.37962962962962965,4159150,0.16193861726554704
2025-04-28,RP,Rheinland-Pfalz,5,673527,0.2810810810810811,0.2972972972972973,15,15,1,0.1869011760845848,0.25261799389892314,0.3076923076923077,4159150,0.16193861726554704
2025-05-05,RP,Rheinland-Pfalz,5,673527,0.2831168831168831,0.2987012987012987,12,12,1,0.16686581108305,0.23149990694618727,0.21100917431192662,4159150,0.16193861726554704
2025-05-12,RP,Rheinland-Pfalz,5,673527,0.2875675675675676,0.30666666666666664,14.6,14,1,0.15760492942796098,0.2186657349549489,0.14018691588785046,4159150,0.16193861726554704
2025-05-19,RP,Rheinland-Pfalz,5,673527,0.28994782089667187,0.3026315789473684,13,13,1,0.14283916109691364,0.2016059044034308,0.10091743119266056,4159150,0.16193861726554704
2025-05-26,RP,Rheinland-Pfalz,5,673527,0.293984962406015,0.3026315789473684,13,13,0.8,0.11391052643199266,0.2075938657614627,0.045454545454545456,4159150,0.16193861726554704
2025-06-02,RP,Rheinland-Pfalz,5,673527,0.2909090909090909,0.2987012987012987,13,13,0,0.10725121796041544,0.2028369480933167,0.008928571428571428,4159150,0.16193861726554704
2025-06-09,RP,Rheinland-Pfalz,5,673527,0.2947368421052632,0.3026315789473684,14,14,0,0.11303976369120529,0.20815346406782909,0.008928571428571428,4159150,0.16193861726554704
2025-06-16,RP,Rheinland-Pfalz,5,673527,0.2883116883116883,0.2987012987012987,13,13,0,0.12117360220127875,0.20818086371726602,0.009009009009009009,4159150,0.16193861726554704
2025-06-23,RP,Rheinland-Pfalz,5,673527,0.2883116883116883,0.2987012987012987,13,13,0,0.1143202041672782,0.21638544837560608,0.009009009009009009,4159150,0.16193861726554704
2025-06-30,RP,Rheinland-Pfalz,5,673527,0.28857142857142853,0.3,20,20,0,0.10801163682331116,0.21448703761177573,0.009900990099009901,4159150,0.16193861726554704
2024-07-01,SH,Schleswig-Holstein,9,1424563,0.29365079365079366,0.3,19,19,0,0.12771620979611087,0.31513851604810905,0,2953270,0.48236801917874084
2024-07-08,SH,Schleswig-Holstein,9,1424563,0.29292929292929293,0.2987012987012987,12,12,0,0.12542560906236672,0.29393458816002344,0,2953270,0.48236801917874084
2024-07-15,SH,Schleswig-Holstein,9,1424563,0.29292929292929293,0.2987012987012987,12,12,0,0.1274632411754201,0.2964155439634434,0,2953270,0.48236801917874084
2024-07-22,SH,Schleswig-Holstein,9,1424563,0.29292929292929293,0.2987012987012987,12,12,0,0.12803608983644837,0.2856799273707074,0,2953270,0.48236801917874084
2024-07-29,SH,Schleswig-Holstein,9,1424563,0.2946688015181166,0.3013698630136986,12,12,0,0.12391971476331069,0.2824452676318179,0,2953270,0.48236801917874084
2024-08-05,SH,Schleswig-Holstein,9,1424563,0.30092592592592593,0.3055555555555556,12,12,0,0.120307587085165,0.2590750827098676,0,2953270,0.48236801917874084
2024-08-12,SH,Schleswig-Holstein,9,1424563,0.29657687991021325,0.3055555555555556,12.777777777777779,12,0,0.11618432636327485,0.2594258578597713,0,2953270,0.48236801917874084
2024-08-19,SH,Schleswig-Holstein,9,1424563,0.2942279942279942,0.2987012987012987,12.222222222222221,12,0,0.11165490396225215,0.24937481022814054,0,2953270,0.48236801917874084
2024-08-26,SH,Schleswig-Holstein,9,1424563,0.29674900263135556,0.2987012987012987,13,12,0,0.10872164855873837,0.24326820519452533,0,2953270,0.48236801917874084
2024-09-02,SH,Schleswig-Holstein,9,1424563,0.29437229437229434,0.2987012987012987,12,12,0,0.09343613755498313,0.22705393406086988,0,2953270,0.48236801917874084
2024-09-09,SH,Schleswig-Holstein,9,1424563,0.29377585377585375,0.2987012987012987,12.222222222222221,12,0,0.08878378811489285,0.22398753162611057,0,2953270,0.48236801917874084
2024-09-16,SH,Schleswig-Holstein,9,1424563,0.2922943722943723,0.2987012987012987,12.222222222222221,12,0,0.07361728489163609,0.2049132827384645,0,2953270,0.48236801917874084
2024-09-23,SH,Schleswig-Holstein,9,1424563,0.29295051353874885,0.3,19.22222222222222,19,0,0.07379845106099361,0.20476482912658897,0,2953270,0.48236801917874084
2024-09-30,SH,Schleswig-Holstein,9,1424563,0.29233285233285233,0.2987012987012987,12.222222222222221,12,0,0.06858466088432423,0.19605314722788242,0,2953270,0.48236801917874084
2024-10-07,SH,Schleswig-Holstein,9,1424563,0.29085137085137086,0.2987012987012987,12.222222222222221,12,0,0.06531482943820666,0.1915786998025687,0,2953270,0.48236801917874084
2024-10-14,SH,Schleswig-Holstein,9,1424563,0.2962962962962963,0.30666666666666664,14,14,0,0.06865718866685172,0.18532341485529574,0,2953270,0.48236801917874084
2024-10-21,SH,Schleswig-Holstein,9,1424563,0.2886002886002886,0.2987012987012987,12,12,0,0.07376159019604492,0.187413430841248,0,2953270,0.48236801917874084
2024-10-28,SH,Schleswig-Holstein,9,1424563,0.2886002886002886,0.2987012987012987,12,12,0,0.08851155021211254,0.17901073479511495,0,2953270,0.48236801917874084
2024-11-04,SH,Schleswig-Holstein,9,1424563,0.2886002886002886,0.2987012987012987,12,12,0,0.09064523522353966,0.1738744755479984,0,2953270,0.48236801917874084
2024-11-11,SH,Schleswig-Holstein,9,1424563,0.29602174450210034,0.3026315789473684,13,13,0,0.08522599176450552,0.16771532406542278,0,2953270,0.48236801917874084
2024-11-18,SH,Schleswig-Holstein,9,1424563,0.2933659907344118,0.3026315789473684,12.11111111111111,12,0,0.08403082372683779,0.17200706139913421,0,2953270,0.48236801917874084
2024-11-25,SH,Schleswig-Holstein,9,1424563,0.29503367003367004,0.2987012987012987,12,12,0,0.06315989257744041,0.15122076109335358,0,2953270,0.48236801917874084
2024-12-02,SH,Schleswig-Holstein,9,1424563,0.29437229437229434,0.2987012987012987,12,12,0,0.05913550172923518,0.13834871289403777,0,2953270,0.48236801917874084
2024-12-09,SH,Schleswig-Holstein,9,1424563,0.29437229437229434,0.2987012987012987,12,12,0,0.0554856299253732,0.1333861360521105,0,2953270,0.48236801917874084
2024-12-16,SH,Schleswig-Holstein,9,1424563,0.29616987950321283,0.3055555555555556,11.88888888888889,11,0,0.06570007829510664,0.12871591720032374,0,2953270,0.48236801917874084
2024-12-23,SH,Schleswig-Holstein,9,1424563,0.29755480440411947,0.3013698630136986,12,12,0,0.05191410489022302,0.12579559006583788,0,2953270,0.48236801917874084
2024-12-30,SH,Schleswig-Holstein,9,1424563,0.3076923076923077,0.3076923076923077,19,19,0,0.053901962082832995,0.12899722260001198,0,2953270,0.48236801917874084
2025-01-06,SH,Schleswig-Holstein,9,1424563,0.30158730158730157,0.30158730158730157,26,26,0,0.05537396932984245,0.1308341249591796,0,2953270,0.48236801917874084
2025-01-13,SH,Schleswig-Holstein,9,1424563,0.30357142857142855,0.30357142857142855,33,33,0,0.057543029803893156,0.13195825603192435,0,2953270,0.48236801917874084
2025-01-20,SH,Schleswig-Holstein,9,1424563,0.30612244897959184,0.30612244897959184,40,40,0,0.04383006722085398,0.1316593454964379,0,2953270,0.48236801917874084
2025-01-27,SH,Schleswig-Holstein,9,1424563,0.2810564663023679,0.3,30.22222222222222,29,0,0.039854167410386866,0.14777681165839301,0,2953270,0.48236801917874084
2025-02-03,SH,Schleswig-Holstein,9,1424563,0.26716249043293067,0.2830188679245283,32.22222222222222,19,0,0.05218164744799505,0.1519775357447432,0,2953270,0.48236801917874084
2025-02-10,SH,Schleswig-Holstein,9,1424563,0.2688688123470732,0.2826086956521739,36.111111111111114,12,0,0.052612080911646424,0.13990593673233723,0,2953270,0.48236801917874084
2025-02-17,SH,Schleswig-Holstein,9,1424563,0.26843526843526844,0.28205128205128205,41.55555555555556,12,0,0.04774287861955861,0.15169827755620685,0,2953270,0.48236801917874084
2025-02-24,SH,Schleswig-Holstein,9,1424563,0.2661574074074074,0.28125,47.44444444444444,14,0,0.04919062393861426,0.16036406301059142,0,2953270,0.48236801917874084
2025-03-03,SH,Schleswig-Holstein,9,1424563,0.2671815903394851,0.28,52.44444444444444,12,0,0.047057211792440073,0.17020244147302466,0,2953270,0.48236801917874084
2025-03-10,SH,Schleswig-Holstein,9,1424563,0.2651114317780985,0.2777777777777778,57.888888888888886,12,0,0.03997783761226173,0.1817981052531931,0,2953270,0.48236801917874084
2025-03-17,SH,Schleswig-Holstein,9,1424563,0.25865800865800864,0.2727272727272727,63.333333333333336,12,0,0.0547115336523905,0.20386487944686524,0,2953270,0.48236801917874084
2025-03-24,SH,Schleswig-Holstein,9,1424563,0.27507338551859095,0.30357142857142855,68.77777777777777,12,0,0.1142669363139453,0.16208568438106236,0,2953270,0.48236801917874084
2025-03-31,SH,Schleswig-Holstein,2,891644,0.30158730158730157,0.30158730158730157,12,12,0,0.11246845092241782,0.15144714421468372,0,2953270,0.3019175354776231
2025-04-07,SH,Schleswig-Holstein,2,891644,0.3,0.3,12,12,0,0.11073735169864694,0.15361252686288626,0,2953270,0.3019175354776231
2025-04-14,SH,Schleswig-Holstein,2,891644,0.2987012987012987,0.2987012987012987,12,12,0,0.11365448195014441,0.1540008982002349,0,2953270,0.3019175354776231
2025-04-21,SH,Schleswig-Holstein,2,891644,0.2987012987012987,0.2987012987012987,12,12,0,0.11801231194206244,0.15200401022532573,0,2953270,0.3019175354776231
2025-04-28,SH,Schleswig-Holstein,2,891644,0.3026315789473684,0.3026315789473684,13,13,0,0.10757800909982773,0.138188860149809,0,2953270,0.3019175354776231
2025-05-05,SH,Schleswig-Holstein,2,891644,0.2987012987012987,0.2987012987012987,12,12,0,0.06993855471375715,0.11790586287869619,0,2953270,0.3019175354776231
2025-05-12,SH,Schleswig-Holstein,2,891644,0.30666666666666664,0.30666666666666664,14,14,0,0.0766600519637519,0.11368870271629357,0,2953270,0.3019175354776231
2025-05-19,SH,Schleswig-Holstein,2,891644,0.2987012987012987,0.2987012987012987,12,12,0,0.08658194396205587,0.12268843641862537,0,2953270,0.3019175354776231
2025-05-26,SH,Schleswig-Holstein,2,891644,0.2987012987012987,0.2987012987012987,12,12,0,0.0837455332879447,0.1124308518834889,0,2953270,0.3019175354776231
2025-06-02,SH,Schleswig-Holstein,2,891644,0.2987012987012987,0.2987012987012987,12,12,0,0.08336536042777112,0.10560971619523135,0,2953270,0.3019175354776231
2025-06-09,SH,Schleswig-Holstein,2,891644,0.30666666666666664,0.30666666666666664,14,14,0,0.0848224382417797,0.11105925616332486,0,2953270,0.3019175354776231
2025-06-16,SH,Schleswig-Holstein,2,891644,0.3026315789473684,0.3026315789473684,13,13,0,0.10391151692878164,0.12100666224524055,0,2953270,0.3019175354776231
2025-06-23,SH,Schleswig-Holstein,2,891644,0.2987012987012987,0.2987012987012987,12,12,0,0.10220873873973281,0.12136962040723176,0,2953270,0.3019175354776231
2025-06-30,SH,Schleswig-Holstein,2,891644,0.3,0.3,19,19,0,0.1043628989708876,0.12282442544631057,0,2953270,0.3019175354776231
2024-07-01,SL,Saarland,4,238454,0.2922077922077922,0.2987012987012987,12,12,0,0.18785387626650352,0.32272335781532874,0,992666,0.24021574225368855
2024-07-08,SL,Saarland,4,238454,0.29253246753246753,0.3,15.5,12,0,0.2033171045795626,0.34522670882932416,0,992666,0.24021574225368855
2024-07-15,SL,Saarland,4,238454,0.2908658008658008,0.2987012987012987,12.5,12,0,0.20547916918148393,0.3611083491344067,0,992666,0.24021574225368855
2024-07-22,SL,Saarland,4,238454,0.2922077922077922,0.2987012987012987,12,12,0,0.2193849462734551,0.39984028757469026,0,992666,0.24021574225368855
2024-07-29,SL,Saarland,4,238454,0.2922077922077922,0.2987012987012987,12,12,0,0.18694375159557317,0.4083457061266845,0,992666,0.24021574225368855
2024-08-05,SL,Saarland,4,238454,0.29861111111111116,0.3055555555555556,12,12,0,0.1621129633406727,0.43935821659874474,0,992666,0.24021574225368855
2024-08-12,SL,Saarland,4,238454,0.2922077922077922,0.2987012987012987,12,12,0,0.16387726570861796,0.44618979892468535,0,992666,0.24021574225368855
2024-08-19,SL,Saarland,4,238454,0.2954545454545454,0.2987012987012987,12,12,0,0.16645602891037414,0.45986851244497295,0,992666,0.24021574225368855
2024-08-26,SL,Saarland,4,238454,0.3014907627583684,0.30985915492957744,13,13,0,0.15467920078916408,0.4856023589624225,0,992666,0.24021574225368855
2024-09-02,SL,Saarland,4,238454,0.2987012987012987,0.2987012987012987,12,12,0,0.17251838705763065,0.4886765559585893,0,992666,0.24021574225368855
2024-09-09,SL,Saarland,4,238454,0.2987012987012987,0.2987012987012987,12,12,0,0.17247746272824896,0.4863006553232753,0,992666,0.24021574225368855
2024-09-16,SL,Saarland,4,238454,0.29333333333333333,0.29333333333333333,14,14,0,0.16328756445171438,0.49690443516016936,0,992666,0.24021574225368855
2024-09-23,SL,Saarland,4,238454,0.2987012987012987,0.2987012987012987,12,12,0,0.1929347717127313,0.4743225037271678,0,992666,0.24021574225368855
2024-09-30,SL,Saarland,4,238454,0.2954545454545454,0.2987012987012987,12,12,0,0.22837228702929688,0.5055401601067452,0,992666,0.24021574225368855
2024-10-07,SL,Saarland,4,238454,0.2954545454545454,0.2987012987012987,12,12,0,0.2274036754380088,0.503623716022645,0,992666,0.24021574225368855
2024-10-14,SL,Saarland,4,238454,0.2993421052631579,0.3026315789473684,13,13,0,0.22900616928361564,0.49260266751374904,0,992666,0.24021574225368855
2024-10-21,SL,Saarland,4,238454,0.2954545454545454,0.2987012987012987,12,12,0,0.2277784920564956,0.4823550999204835,0,992666,0.24021574225368855
2024-10-28,SL,Saarland,4,238454,0.2954545454545454,0.2987012987012987,12,12,0,0.22970013633756317,0.4725016765341904,0.7142857142857143,992666,0.24021574225368855
2024-11-04,SL,Saarland,4,238454,0.2954545454545454,0.2987012987012987,12,12,0,0.22263191708227775,0.4660110608600717,0.7032967032967034,992666,0.24021574225368855
2024-11-11,SL,Saarland,4,238454,0.2954545454545454,0.2987012987012987,13,13,0,0.21938736504300135,0.45284396345681216,0.6923076923076923,992666,0.24021574225368855
2024-11-18,SL,Saarland,4,238454,0.2954545454545454,0.2987012987012987,12,12,0,0.20715825193361834,0.44321065032884227,0.6923076923076923,992666,0.24021574225368855
2024-11-25,SL,Saarland,4,238454,0.29642857142857143,0.3,19,19,0,0.19116003302460624,0.438243520122895,0.6746987951807228,992666,0.24021574225368855
2024-12-02,SL,Saarland,4,238454,0.2954545454545454,0.2987012987012987,12,12,0,0.19305852711239688,0.3957754627919319,0.6703296703296703,992666,0.24021574225368855
2024-12-09,SL,Saarland,4,238454,0.2954545454545454,0.2987012987012987,12,12,0,0.169501487390749,0.4010950689061221,0.6483516483516484,992666,0.24021574225368855
2024-12-16,SL,Saarland,4,238454,0.29333333333333333,0.29333333333333333,14,14,0,0.144047413005239,0.3948074357403293,0.6363636363636364,992666,0.24021574225368855
2024-12-23,SL,Saarland,4,238454,0.2987012987012987,0.2987012987012987,12,12,0,0.12299240021270724,0.36512064168911107,0.717391304347826,992666,0.24021574225368855
2024-12-30,SL,Saarland,4,238454,0.29577464788732394,0.29577464788732394,19,19,0,0.1252024665875151,0.36534857042912366,0.7142857142857143,992666,0.24021574225368855
2025-01-06,SL,Saarland,4,238454,0.30158730158730157,0.30158730158730157,26,26,0,0.12539970387430452,0.36933073050147597,0.7236842105263158,992666,0.24021574225368855
2025-01-13,SL,Saarland,4,238454,0.30357142857142855,0.30357142857142855,33,33,0,0.1252099876106486,0.37583176966320103,0.7205882352941176,992666,0.24021574225368855
2025-01-20,SL,Saarland,4,238454,0.30612244897959184,0.30612244897959184,40,40,0,0.12240219162826663,0.369771796215228,0.7333333333333333,992666,0.24021574225368855
2025-01-27,SL,Saarland,4,238454,0.3,0.3,40,40,0,0.10969013758961337,0.3338058312671946,0.7666666666666667,992666,0.24021574225368855
2025-02-03,SL,Saarland,4,238454,0.2586580086580087,0.30952380952380953,29.5,12,0.5,0.177873042048002,0.39192681748100405,0.6551724137931034,992666,0.24021574225368855
2025-02-10,SL,Saarland,4,238454,0.26103896103896107,0.3142857142857143,33,12,0.5,0.1893518350414862,0.38909763465441,0.5925925925925926,992666,0.24021574225368855
2025-02-17,SL,Saarland,4,238454,0.26461038961038963,0.32142857142857145,36.5,12,0.5,0.18412073291955358,0.39120046268735875,0.54,992666,0.24021574225368855
2025-02-24,SL,Saarland,4,238454,0.26666666666666666,0.3333333333333333,41,14,0.5,0.17726140215978764,0.4108035122836179,0.4772727272727273,992666,0.24021574225368855
2025-03-03,SL,Saarland,4,238454,0.2824675324675325,0.35714285714285715,43.5,12,0.5,0.1723561373633833,0.3927589463183953,0.35714285714285715,992666,0.24021574225368855
2025-03-10,SL,Saarland,4,238454,0.3181818181818182,0.42857142857142855,47,12,0.5,0.1693835211135905,0.3415332567523031,0.23684210526315788,992666,0.24021574225368855
2025-03-17,SL,Saarland,4,238454,0.2077922077922078,0.2077922077922078,50.5,12,0.5,0.15188959627640922,0.27662030505765955,0.08823529411764706,992666,0.24021574225368855
2025-03-24,SL,Saarland,2,167021,0.30357142857142855,0.30357142857142855,12,12,0,0.157379292636491,0.23555811003350152,0,992666,0.16825498203826866
2025-03-31,SL,Saarland,2,167021,0.30158730158730157,0.30158730158730157,12,12,0,0.15753661911699082,0.23965466586971554,0,992666,0.16825498203826866
2025-04-07,SL,Saarland,2,167021,0.3,0.3,12,12,0,0.1605971079953101,0.2419104130355649,0,992666,0.16825498203826866
2025-04-14,SL,Saarland,2,167021,0.2987012987012987,0.2987012987012987,12,12,0,0.16303151001887856,0.23831253659045193,0,992666,0.16825498203826866
2025-04-21,SL,Saarland,2,167021,0.2987012987012987,0.2987012987012987,12,12,0,0.1658559386958745,0.27230369695718604,0,992666,0.16825498203826866
2025-04-28,SL,Saarland,2,167021,0.3026315789473684,0.3026315789473684,13,13,0,0.14959135539158297,0.30434208283703723,0.021739130434782608,992666,0.16825498203826866
2025-05-05,SL,Saarland,2,167021,0.2987012987012987,0.2987012987012987,12,12,0,0.12779918773079188,0.2858727155105892,0.021739130434782608,992666,0.16825498203826866
2025-05-12,SL,Saarland,2,167021,0.30333333333333334,0.30666666666666664,16.5,14,0,0.1287775398270563,0.2890690725881421,0.022727272727272728,992666,0.16825498203826866
2025-05-19,SL,Saarland,2,167021,0.2857142857142857,0.2987012987012987,12,12,0,0.11566225506360256,0.2922897710790834,0.022727272727272728,992666,0.16825498203826866
2025-05-26,SL,Saarland,2,167021,0.2857142857142857,0.2987012987012987,12,12,0,0.10871928585953075,0.34732870212024897,0.045454545454545456,992666,0.16825498203826866
2025-06-02,SL,Saarland,2,167021,0.2857142857142857,0.2987012987012987,12,12,0,0.105593721608166,0.34847368453918454,0.045454545454545456,992666,0.16825498203826866
2025-06-09,SL,Saarland,2,167021,0.29333333333333333,0.30666666666666664,14,14,0,0.1065984088139435,0.35885694000769985,0.045454545454545456,992666,0.16825498203826866
2025-06-16,SL,Saarland,2,167021,0.2894736842105263,0.3026315789473684,13,13,0,0.1092260821410219,0.3708118111930199,0.045454545454545456,992666,0.16825498203826866
2025-06-23,SL,Saarland,2,167021,0.2857142857142857,0.2987012987012987,12,12,0,0.13304847097846997,0.39239075770646625,0.045454545454545456,992666,0.16825498203826866
2025-06-30,SL,Saarland,2,167021,0.2857142857142857,0.3,19,19,0,0.13533747194493884,0.4115597306639208,0.05,992666,0.16825498203826866
2024-07-01,SN,Sachsen,11,1922186,0.2795749704840614,0.2857142857142857,17.181818181818183,12,0,0.2510045537946254,0.894810767915208,0,4086152,0.4704147080186934
2024-07-08,SN,Sachsen,11,1922186,0.282172373081464,0.2857142857142857,17.181818181818183,12,0,0.22369506934461214,0.8466704538272479,0,4086152,0.4704147080186934
2024-07-15,SN,Sachsen,11,1922186,0.2809917355371901,0.2857142857142857,12.090909090909092,12,0,0.19523526482809786,0.7281211353046605,0,4086152,0.4704147080186934
2024-07-22,SN,Sachsen,11,1922186,0.2806375442739079,0.2857142857142857,14,12,0,0.18936556034158658,0.6907602129032635,0,4086152,0.4704147080186934
2024-07-29,SN,Sachsen,11,1922186,0.2808736717827627,0.2857142857142857,17.181818181818183,12,0,0.18834717234465942,0.6392098107806015,0,4086152,0.4704147080186934
2024-08-05,SN,Sachsen,11,1922186,0.2964035964035964,0.3076923076923077,19.09090909090909,19,0,0.1733583338609682,0.5807036714161911,0,4086152,0.4704147080186934
2024-08-12,SN,Sachsen,11,1922186,0.29047619047619044,0.3,21,19,0,0.15865793148571816,0.5124599406112897,0,4086152,0.4704147080186934
2024-08-19,SN,Sachsen,11,1922186,0.2816577540106952,0.29411764705882354,19.181818181818183,14,0,0.16225691101512787,0.465143326315559,0,4086152,0.4704147080186934
2024-08-26,SN,Sachsen,11,1922186,0.2727099104104452,0.27941176470588236,18.636363636363637,12,0,0.14976643676697887,0.4471720387696514,0,4086152,0.4704147080186934
2024-09-02,SN,Sachsen,11,1922186,0.28603896103896104,0.2916666666666667,17.181818181818183,12,0,0.2145167876744388,0.4462933045331201,0,4086152,0.4704147080186934
2024-09-09,SN,Sachsen,11,1922186,0.2844155844155844,0.2857142857142857,17.181818181818183,12,0,0.2379535205252193,0.44895841986994034,0,4086152,0.4704147080186934
2024-09-16,SN,Sachsen,11,1922186,0.28427128427128423,0.2857142857142857,22.272727272727273,12,0,0.1615596933289888,0.40140387175300746,0,4086152,0.4704147080186934
2024-09-23,SN,Sachsen,11,1922186,0.28415584415584416,0.2857142857142857,12.636363636363637,12,0,0.15617026264461115,0.35427399905043083,0,4086152,0.4704147080186934
2024-09-30,SN,Sachsen,11,1922186,0.2857142857142857,0.2857142857142857,17.181818181818183,12,0,0.1450765695689067,0.3495090617286759,0,4086152,0.4704147080186934
2024-10-07,SN,Sachsen,11,1922186,0.28155844155844156,0.2857142857142857,13.545454545454545,12,0,0.17450176268621986,0.32901045911653737,0,4086152,0.4704147080186934
2024-10-14,SN,Sachsen,11,1922186,0.2857142857142857,0.2857142857142857,17.181818181818183,12,0,0.16799515355497535,0.3194682742307572,0,4086152,0.4704147080186934
2024-10-21,SN,Sachsen,11,1922186,0.2857142857142857,0.2857142857142857,22.272727272727273,12,0,0.15756713401478528,0.29215826546359164,0,4086152,0.4704147080186934
2024-10-28,SN,Sachsen,11,1922186,0.29592074592074596,0.3055555555555556,17.181818181818183,12,0,0.14449018934558983,0.27582941341037065,0.01834862385321101,4086152,0.4704147080186934
2024-11-04,SN,Sachsen,11,1922186,0.28363636363636363,0.29333333333333333,14.090909090909092,14,0,0.13263064337911962,0.24765086727981903,0.01282051282051282,4086152,0.4704147080186934
2024-11-11,SN,Sachsen,11,1922186,0.28467254670463227,0.2987012987012987,18.636363636363637,12,0,0.1335319612740011,0.22476652095215044,0,4086152,0.4704147080186934
2024-11-18,SN,Sachsen,11,1922186,0.28467254670463227,0.2987012987012987,18.636363636363637,12,0,0.11739124150054346,0.2082372858373582,0,4086152,0.4704147080186934
2024-11-25,SN,Sachsen,11,1922186,0.278866587957497,0.2987012987012987,17.181818181818183,12,0,0.12067915445795475,0.21993851080151994,0,4086152,0.4704147080186934
2024-12-02,SN,Sachsen,11,1922186,0.2777121868030959,0.2987012987012987,22.272727272727273,12,0,0.12489064625550315,0.24618632851834124,0,4086152,0.4704147080186934
2024-12-09,SN,Sachsen,11,1922186,0.27681243296216557,0.2987012987012987,18,12,0,0.12227778794224146,0.26550151108203085,0,4086152,0.4704147080186934
2024-12-16,SN,Sachsen,11,1922186,0.27540279310025956,0.2987012987012987,23.09090909090909,12,0,0.1063803038655392,0.2850072452694273,0,4086152,0.4704147080186934
2024-12-23,SN,Sachsen,11,1922186,0.26545454545454544,0.29333333333333333,14.090909090909092,14,0,0.07157182310294502,0.2640137846028279,0,4086152,0.4704147080186934
2024-12-30,SN,Sachsen,11,1922186,0.2779051014345132,0.29411764705882354,21.09090909090909,21,0,0.033891831690978695,0.25440874938361197,0,4086152,0.4704147080186934
2025-01-06,SN,Sachsen,11,1922186,0.2727272727272727,0.29508196721311475,28.09090909090909,28,0,0.033078870330479154,0.26065638526505996,0,4086152,0.4704147080186934
2025-01-13,SN,Sachsen,11,1922186,0.27104377104377103,0.2962962962962963,35.09090909090909,35,0,0.024864802855669357,0.26960561010753376,0,4086152,0.4704147080186934
2025-01-20,SN,Sachsen,11,1922186,0.2688588007736944,0.2978723404255319,42.09090909090909,42,0,0.012641466555391442,0.2800534255385264,0,4086152,0.4704147080186934
2025-01-27,SN,Sachsen,11,1922186,0.29435455255127385,0.3181818181818182,37.18181818181818,28,0,0.013502505776883679,0.33201784812389035,0,4086152,0.4704147080186934
2025-02-03,SN,Sachsen,11,1922186,0.2685381958109231,0.30952380952380953,37.63636363636363,12,0.1818181818181818,0.010823963885469268,0.3440087232072644,0,4086152,0.4704147080186934
2025-02-10,SN,Sachsen,11,1922186,0.2720230768586668,0.3142857142857143,43.36363636363637,12,0.1818181818181818,0.01198279014321215,0.3560659445118203,0,4086152,0.4704147080186934
2025-02-17,SN,Sachsen,11,1922186,0.28457461510821197,0.34782608695652173,49.09090909090909,12,0.1818181818181818,0.011959730928022674,0.3793644455154369,0,4086152,0.4704147080186934
2025-02-24,SN,Sachsen,11,1922186,0.2866065991424843,0.3333333333333333,55.18181818181818,14,0.1818181818181818,0.013087991638681773,0.401501145855974,0,4086152,0.4704147080186934
2025-03-03,SN,Sachsen,11,1922186,0.31759654486927213,0.4444444444444444,60.54545454545455,12,0.1818181818181818,0.01622023346506387,0.4237816697923061,0,4086152,0.4704147080186934
2025-03-10,SN,Sachsen,11,1922186,0.3576523954514385,0.42857142857142855,66.27272727272727,12,0.1818181818181818,0.013109603605314843,0.4536453795907124,0,4086152,0.4704147080186934
2025-03-17,SN,Sachsen,10,1894793,0.3027829313543599,0.3333333333333333,70.1,12,0.1,0.01717871842904922,0.5242129825499218,0,4086152,0.46371084580309296
2025-03-24,SN,Sachsen,5,1447440,0.38142857142857145,0.5,55.4,12,0,0.013467603474833898,0.5365691332419447,0,4086152,0.3542305817306845
2025-03-31,SN,Sachsen,2,1306548,0.30158730158730157,0.30158730158730157,12,12,0,0.14865541988423722,0.1640697041475038,0,4086152,0.31975021976666557
2025-04-07,SN,Sachsen,2,1306548,0.3,0.3,12,12,0,0.17231643645621766,0.18738784461935734,0,4086152,0.31975021976666557
2025-04-14,SN,Sachsen,2,1306548,0.2987012987012987,0.2987012987012987,12,12,0,0.19535184166123915,0.19932702855875517,0,4086152,0.31975021976666557
2025-04-21,SN,Sachsen,2,1306548,0.2987012987012987,0.2987012987012987,12,12,0,0.188181791056365,0.19790787820436645,0,4086152,0.31975021976666557
2025-04-28,SN,Sachsen,2,1306548,0.3026315789473684,0.3026315789473684,13,13,0,0.1703182264913969,0.17592533362709883,0,4086152,0.31975021976666557
2025-05-05,SN,Sachsen,2,1306548,0.2987012987012987,0.2987012987012987,12,12,0,0.15123579532466305,0.16006106752352942,0,4086152,0.31975021976666557
2025-05-12,SN,Sachsen,2,1306548,0.30666666666666664,0.30666666666666664,14,14,0,0.1479814432485469,0.1646402370306306,0,4086152,0.31975021976666557
2025-05-19,SN,Sachsen,2,1306548,0.2987012987012987,0.2987012987012987,12,12,0,0.15763040210082235,0.1674332595644123,0,4086152,0.31975021976666557
2025-05-26,SN,Sachsen,2,1306548,0.2987012987012987,0.2987012987012987,12,12,0,0.14275432875928584,0.15600943427557326,0,4086152,0.31975021976666557
2025-06-02,SN,Sachsen,2,1306548,0.2987012987012987,0.2987012987012987,12,12,0,0.13953081681870969,0.15155994182066682,0,4086152,0.31975021976666557
2025-06-09,SN,Sachsen,2,1306548,0.30666666666666664,0.30666666666666664,14,14,0,0.13930409206768238,0.15210665503450582,0,4086152,0.31975021976666557
2025-06-16,SN,Sachsen,2,1306548,0.3026315789473684,0.3026315789473684,13,13,0,0.1484014196554241,0.15658726138325715,0,4086152,0.31975021976666557
2025-06-23,SN,Sachsen,2,1306548,0.2987012987012987,0.2987012987012987,12,12,0,0.15323600766992707,0.16479980706563047,0,4086152,0.31975021976666557
2025-06-30,SN,Sachsen,2,1306548,0.3,0.3,19,19,0,0.15260617390834066,0.16074778628767422,0,4086152,0.31975021976666557
2024-07-01,ST,Sachsen-Anhalt,13,1198243,0.2530708607631684,0.27692307692307694,20,12,0,0.33728802969590305,0.5715688343205553,0,2186643,0.5479829126199384
2024-07-08,ST,Sachsen-Anhalt,13,1198243,0.23048526815650103,0.2727272727272727,13.384615384615385,12,0,0.3465655684861908,0.5615115640988936,0,2186643,0.5479829126199384
2024-07-15,ST,Sachsen-Anhalt,13,1198243,0.25318022920762645,0.2777777777777778,13.538461538461538,12,0,0.320884871335475,0.5099164533314042,0,2186643,0.5479829126199384
2024-07-22,ST,Sachsen-Anhalt,13,1198243,0.2566116924893335,0.2777777777777778,13.923076923076923,12,0,0.2551002333282207,0.46966738950662235,0,2186643,0.5479829126199384
2024-07-29,ST,Sachsen-Anhalt,13,1198243,0.2564587361270983,0.27692307692307694,19.846153846153847,12,0,0.26429345321270264,0.480529709282767,0,2186643,0.5479829126199384
2024-08-05,ST,Sachsen-Anhalt,13,1198243,0.26423146857362606,0.2777777777777778,15.153846153846153,12,0,0.25725825406594005,0.43472808495910137,0,2186643,0.5479829126199384
2024-08-12,ST,Sachsen-Anhalt,13,1198243,0.2642956972777837,0.2857142857142857,17.153846153846153,12,0,0.25725825406594005,0.39327742924096776,0,2186643,0.5479829126199384
2024-08-19,ST,Sachsen-Anhalt,12,920243,0.26211704518211365,0.2777777777777778,14.666666666666666,12,0,0.2360198613675205,0.38724839781108483,0,2186643,0.4208473902690105
2024-08-26,ST,Sachsen-Anhalt,13,1198243,0.3091824041343272,0.6666666666666666,13.461538461538462,12,0,0.039187634750049376,0.3615203762002527,0,2186643,0.5479829126199384
2024-09-02,ST,Sachsen-Anhalt,13,1198243,0.29894852665931193,0.4,13.461538461538462,12,0,0.09147833168906018,0.35229120257156804,0,2186643,0.5479829126199384
2024-09-09,ST,Sachsen-Anhalt,13,1198243,0.29289621558203277,0.35294117647058826,13.923076923076923,12,0,0.0801452987971557,0.3226008229520376,0,2186643,0.5479829126199384
2024-09-16,ST,Sachsen-Anhalt,13,1198243,0.2878256716036096,0.3333333333333333,14,12,0,0.16076747430489627,0.30612810875760493,0,2186643,0.5479829126199384
2024-09-23,ST,Sachsen-Anhalt,13,1198243,0.2850529610891962,0.3225806451612903,13.692307692307692,12,0,0.1415479359268138,0.31344314860084577,0,2186643,0.5479829126199384
2024-09-30,ST,Sachsen-Anhalt,13,1198243,0.28456526496568646,0.3142857142857143,13.846153846153847,12,0,0.13431578741132974,0.30228064667623566,0,2186643,0.5479829126199384
2024-10-07,ST,Sachsen-Anhalt,13,1198243,0.28245467520604783,0.3055555555555556,13.615384615384615,12,0,0.12645017505705908,0.3120362365672147,0,2186643,0.5479829126199384
2024-10-14,ST,Sachsen-Anhalt,13,1198243,0.28317804847080835,0.3076923076923077,20.076923076923077,12,0,0.12645017505705908,0.32762345175763163,0,2186643,0.5479829126199384
2024-10-21,ST,Sachsen-Anhalt,13,1198243,0.26127805994654973,0.2857142857142857,13.923076923076923,12,0,0.1190585659308256,0.3295712373064812,0,2186643,0.5479829126199384
2024-10-28,ST,Sachsen-Anhalt,13,1198243,0.2657963458471733,0.3055555555555556,14.307692307692308,12,0,0.1302059327021318,0.34176215741946664,0.04365079365079365,2186643,0.5479829126199384
2024-11-04,ST,Sachsen-Anhalt,13,1198243,0.2622699826809416,0.29333333333333333,13.692307692307692,12,0,0.12561824337583252,0.347179214263591,0.046875,2186643,0.5479829126199384
2024-11-11,ST,Sachsen-Anhalt,13,1198243,0.2597838059376521,0.2987012987012987,20,12,0,0.13069929749789413,0.36852522175531655,0.05128205128205128,2186643,0.5479829126199384
2024-11-18,ST,Sachsen-Anhalt,13,1198243,0.26062261761893635,0.2987012987012987,20,12,0,0.13351131654209378,0.36344728121363934,0.055793991416309016,2186643,0.5479829126199384
2024-11-25,ST,Sachsen-Anhalt,13,1198243,0.25836118449587203,0.2987012987012987,26.46153846153846,12,0,0.11461164047440893,0.3672030672290706,0.061611374407582936,2186643,0.5479829126199384
2024-12-02,ST,Sachsen-Anhalt,13,1198243,0.2388530760068515,0.2987012987012987,21.384615384615383,12,0,0.10730372669424543,0.36510522589980243,0.04784688995215311,2186643,0.5479829126199384
2024-12-09,ST,Sachsen-Anhalt,13,1198243,0.23473313083357839,0.2987012987012987,27.846153846153847,12,0,0.10820368180138339,0.37418832186801204,0.026881720430107527,2186643,0.5479829126199384
2024-12-16,ST,Sachsen-Anhalt,13,1198243,0.2313376073795221,0.2987012987012987,34.30769230769231,12,0,0.08794451583229534,0.4031855777390261,0.030120481927710843,2186643,0.5479829126199384
2024-12-23,ST,Sachsen-Anhalt,13,1198243,0.23545916479243667,0.29333333333333333,40.92307692307692,14,0,0.06292495472568133,0.4106415375951308,0.028169014084507043,2186643,0.5479829126199384
2024-12-30,ST,Sachsen-Anhalt,13,1198243,0.2654803060409468,0.34782608695652173,47.92307692307692,21,0,0.06554996875845961,0.4209401933664997,0.030303030303030304,2186643,0.5479829126199384
2025-01-06,ST,Sachsen-Anhalt,13,1198243,0.2612729417594568,0.3333333333333333,54.92307692307692,28,0,0.06371767725765388,0.4244471520498376,0.03508771929824561,2186643,0.5479829126199384
2025-01-13,ST,Sachsen-Anhalt,13,1198243,0.25994100019587274,0.35714285714285715,61.92307692307692,35,0,0.059395433780520694,0.4440169463564291,0.044444444444444446,2186643,0.5479829126199384
2025-01-20,ST,Sachsen-Anhalt,13,1198243,0.2537298260076733,0.42857142857142855,68.92307692307692,42,0,0.034104735215202214,0.45032227406878145,0.06060606060606061,2186643,0.5479829126199384
2025-01-27,ST,Sachsen-Anhalt,13,1198243,0.2403508678385493,0.29508196721311475,19.23076923076923,13,0,0.07797545087398716,0.40996149383972946,0,2186643,0.5479829126199384
2025-02-03,ST,Sachsen-Anhalt,13,1198243,0.2582905400746475,0.2962962962962963,22.23076923076923,13,0,0.07797545087398716,0.406331946236992,0,2186643,0.5479829126199384
2025-02-10,ST,Sachsen-Anhalt,13,1198243,0.2579580893211666,0.2978723404255319,29.23076923076923,20,0,0.06474702279862898,0.4244892865169267,0,2186643,0.5479829126199384
2025-02-17,ST,Sachsen-Anhalt,13,1198243,0.2561148837564868,0.3,28.923076923076923,13,0,0.06474702279862898,0.4474482852371548,0.004975124378109453,2186643,0.5479829126199384
2025-02-24,ST,Sachsen-Anhalt,13,1198243,0.2826897358217601,0.30952380952380953,32.30769230769231,13,0,0.06690329698909994,0.4569550712264667,0.014354066985645933,2186643,0.5479829126199384
2025-03-03,ST,Sachsen-Anhalt,13,1198243,0.31712242517075834,0.6666666666666666,39.30769230769231,20,0,0.026352945526739495,0.4664731116483155,0.01639344262295082,2186643,0.5479829126199384
2025-03-10,ST,Sachsen-Anhalt,13,1198243,0.3169343301618045,0.6666666666666666,39.69230769230769,13,0,0.007984680869529697,0.46398468983427305,0.022222222222222223,2186643,0.5479829126199384
2025-03-17,ST,Sachsen-Anhalt,12,1126243,0.29012061751831575,0.3333333333333333,42.916666666666664,20,0,0.008563849671206122,0.44657835854955474,0.02564102564102564,2186643,0.5150557269750938
2025-03-24,ST,Sachsen-Anhalt,12,1126243,0.3341851961560313,0.4444444444444444,41.25,13,0,0.002151523150082352,0.4451955139486208,0.075,2186643,0.5150557269750938
2025-03-31,ST,Sachsen-Anhalt,11,1085376,0.344313242633358,0.5,39.18181818181818,13,0,0.07584704806871706,0.34715740678222157,0.09090909090909091,2186643,0.4963663478674845
2025-04-07,ST,Sachsen-Anhalt,11,1085376,0.27300648283793005,0.3055555555555556,42.09090909090909,13,0,0.15850301962018765,0.37091396279461947,0.1232876712328767,2186643,0.4963663478674845
2025-04-14,ST,Sachsen-Anhalt,7,938600,0.27246959389816533,0.3055555555555556,15.285714285714286,13,0,0.20739616324327825,0.4209516852781438,0.18840579710144928,2186643,0.42924245064237737
2025-04-21,ST,Sachsen-Anhalt,7,938600,0.2607125734899225,0.3055555555555556,14.285714285714286,13,0,0.3062290885474042,0.47338518029296406,0.25925925925925924,2186643,0.42924245064237737
2025-04-28,ST,Sachsen-Anhalt,7,938600,0.2614795918367347,0.3076923076923077,21.285714285714285,20,0,0.30608168975453315,0.4785716403945218,0.28688524590163933,2186643,0.42924245064237737
2025-05-05,ST,Sachsen-Anhalt,7,938600,0.2421292235382255,0.3013698630136986,15.142857142857142,13,0,0.30452050072759446,0.48983945923683875,0.3064516129032258,2186643,0.42924245064237737
2025-05-12,ST,Sachsen-Anhalt,7,938600,0.2388474972796029,0.29333333333333333,15.857142857142858,13,0,0.3211500160838703,0.5387392392858802,0.34710743801652894,2186643,0.42924245064237737
2025-05-19,ST,Sachsen-Anhalt,7,938600,0.23428736922660087,0.3055555555555556,14.714285714285714,13,0,0.28468534054528166,0.5557915616521404,0.4067796610169492,2186643,0.42924245064237737
2025-05-26,ST,Sachsen-Anhalt,7,938600,0.2306761828556983,0.3055555555555556,14.428571428571429,13,0,0.3577528926888336,0.5776647044579644,0.452991452991453,2186643,0.42924245064237737
2025-06-02,ST,Sachsen-Anhalt,7,938600,0.22570265346510174,0.3076923076923077,21.428571428571427,20,0,0.3977688337392162,0.6009252755123299,0.4811320754716981,2186643,0.42924245064237737
2025-06-09,ST,Sachsen-Anhalt,7,938600,0.22307102101878223,0.3076923076923077,21.571428571428573,20,0,0.4069393812712441,0.5802629056062345,0.49514563106796117,2186643,0.42924245064237737
2025-06-16,ST,Sachsen-Anhalt,7,938600,0.2144840253121001,0.3076923076923077,22.428571428571427,20,0,0.4090424154974387,0.5744196078395095,0.5050505050505051,2186643,0.42924245064237737
2025-06-23,ST,Sachsen-Anhalt,7,938600,0.21229856520834017,0.2894736842105263,22.571428571428573,12,0,0.33683786366309626,0.5595842629317036,0.47959183673469385,2186643,0.42924245064237737
2025-06-30,ST,Sachsen-Anhalt,7,938600,0.20486417322256217,0.2898550724637681,29.571428571428573,19,0,0.33623821373868606,0.5568677783630297,0.45977011494252873,2186643,0.42924245064237737
2024-07-01,TH,Thüringen,14,955179,0.25142714428428714,0.2727272727272727,17.571428571428573,12,0,0.10671453781206608,1.7627445893350768,0,2126846,0.44910585909840206
2024-07-08,TH,Thüringen,14,955179,0.24850546279117708,0.2727272727272727,23.071428571428573,12,0,0.10311067428525048,1.6962301948061063,0,2126846,0.44910585909840206
2024-07-15,TH,Thüringen,14,955179,0.2531397174254317,0.2714285714285714,19.071428571428573,19,0,0.10775409198913664,1.73154607499811,0,2126846,0.44910585909840206
2024-07-22,TH,Thüringen,14,955179,0.2543846629560915,0.2727272727272727,17.714285714285715,12,0,0.1153235368581383,1.4944795152863133,0,2126846,0.44910585909840206
2024-07-29,TH,Thüringen,14,955179,0.2526746217612728,0.2714285714285714,24.714285714285715,19,0,0.11868979422643264,1.5271730918173094,0,2126846,0.44910585909840206
2024-08-05,TH,Thüringen,11,788529,0.27563547563547564,0.27692307692307694,19.363636363636363,19,0,0.7784812227135351,1.440997150397212,0,2126846,0.3707503975370102
2024-08-12,TH,Thüringen,14,955179,0.27456410880298465,0.2987012987012987,23.5,12,0,0.6378912637621723,2.387661546551213,0,2126846,0.44910585909840206
2024-08-19,TH,Thüringen,14,955179,0.2772727272727272,0.2987012987012987,17.571428571428573,12,0,0.45855488876003475,1.5959133975521456,0,2126846,0.44910585909840206
2024-08-26,TH,Thüringen,14,955179,0.27564213564213563,0.2987012987012987,23.214285714285715,12,0,0.46217154234655283,1.5121418670743654,0,2126846,0.44910585909840206
2024-09-02,TH,Thüringen,14,955179,0.30246895961181675,0.3076923076923077,17.571428571428573,12,0,0.4218672635827489,1.3010263562597926,0,2126846,0.44910585909840206
2024-09-09,TH,Thüringen,14,955179,0.29675324675324677,0.3,17.571428571428573,12,0,0.3999463517246826,1.1543012770190615,0,2126846,0.44910585909840206
2024-09-16,TH,Thüringen,14,955179,0.2987012987012987,0.30158730158730157,23.071428571428573,12,0,0.22317824229232727,1.0393605845877838,0,2126846,0.44910585909840206
2024-09-23,TH,Thüringen,14,955179,0.29648859543817524,0.3,19.214285714285715,19,0,0.2659386828706502,0.9485711927241968,0,2126846,0.44910585909840206
2024-09-30,TH,Thüringen,14,955179,0.29768410096278947,0.30158730158730157,26.214285714285715,26,0,0.2804110834861882,0.9346007214250048,0,2126846,0.44910585909840206
2024-10-07,TH,Thüringen,14,955179,0.2987012987012987,0.30158730158730157,23.071428571428573,12,0,0.32260476117732256,0.9304786664531788,0,2126846,0.44910585909840206
2024-10-14,TH,Thüringen,14,955179,0.3005382775119617,0.30357142857142855,28.714285714285715,13,0,0.3423859153315033,0.9241722027462661,0,2126846,0.44910585909840206
2024-10-21,TH,Thüringen,14,955179,0.29174592859239207,0.30434782608695654,21.285714285714285,20,0,0.32190621965387983,0.8496784525604688,0,2126846,0.44910585909840206
2024-10-28,TH,Thüringen,14,955179,0.29110864415314064,0.2987012987012987,25.142857142857142,12,0,0.2923009557246405,0.7793720656736888,0.07279693486590039,2126846,0.44910585909840206
2024-11-04,TH,Thüringen,14,955179,0.2882736701237872,0.30158730158730157,24.714285714285715,19,0,0.2777712298249759,0.776462963124044,0.07692307692307693,2126846,0.44910585909840206
2024-11-11,TH,Thüringen,14,955179,0.29786133902675255,0.3026315789473684,17.857142857142858,13,0,0.26535866636919886,0.710932804922854,0.07744107744107744,2126846,0.44910585909840206
2024-11-18,TH,Thüringen,14,955179,0.29777365491651203,0.30158730158730157,23.071428571428573,12,0,0.2679518682913821,0.6913816547440396,0.07636363636363637,2126846,0.44910585909840206
2024-11-25,TH,Thüringen,14,955179,0.2939909297052154,0.30158730158730157,19.571428571428573,19,0,0.24305223366545128,0.6487750045473941,0.07692307692307693,2126846,0.44910585909840206
2024-12-02,TH,Thüringen,14,955179,0.29489795918367345,0.3,19.071428571428573,19,0,0.2606632984625878,0.6257685746509862,0.0726643598615917,2126846,0.44910585909840206
2024-12-09,TH,Thüringen,14,955179,0.29314907781294336,0.3,17.714285714285715,12,0,0.2678498033927888,0.5978350504044933,0.06143344709897611,2126846,0.44910585909840206
2024-12-16,TH,Thüringen,14,955179,0.29387755102040813,0.3,19.071428571428573,19,0,0.2702571431980201,0.5858754665298703,0.0625,2126846,0.44910585909840206
2024-12-23,TH,Thüringen,14,955179,0.295169116597688,0.3076923076923077,17.571428571428573,12,0,0.27107502690168384,0.549522889644835,0.05782312925170068,2126846,0.44910585909840206
2024-12-30,TH,Thüringen,14,955179,0.2949746095621347,0.30158730158730157,24.571428571428573,19,0,0.2467483528957456,0.5487448558053002,0.06367041198501873,2126846,0.44910585909840206
2025-01-06,TH,Thüringen,14,955179,0.29676870748299317,0.30357142857142855,31.571428571428573,26,0,0.20834221639944883,0.46523229256610654,0.03347280334728033,2126846,0.44910585909840206
2025-01-13,TH,Thüringen,14,955179,0.2982871720116618,0.30612244897959184,38.57142857142857,33,0,0.13049570446613415,0.4545517481258199,0.023696682464454975,2126846,0.44910585909840206
2025-01-20,TH,Thüringen,14,955179,0.3002915451895044,0.30952380952380953,45.57142857142857,40,0,0.13551367342013418,0.48161390946519217,0.0273224043715847,2126846,0.44910585909840206
2025-01-27,TH,Thüringen,14,955179,0.2947102579588361,0.3181818181818182,31.5,28,0,0.1805559166576825,0.47029701879119984,0.029661016949152543,2126846,0.44910585909840206
2025-02-03,TH,Thüringen,14,955179,0.28197278911564627,0.30952380952380953,34.214285714285715,19,0.2142857142857143,0.18538489705597436,0.45342584686648696,0.018779342723004695,2126846,0.44910585909840206
2025-02-10,TH,Thüringen,14,955179,0.28461295543362414,0.3142857142857143,38.214285714285715,12,0.2142857142857143,0.19371053094167234,0.45874579545560384,0.02030456852791878,2126846,0.44910585909840206
2025-02-17,TH,Thüringen,14,955179,0.29061533704390846,0.32142857142857145,43.714285714285715,12,0.2142857142857143,0.1628289781045676,0.43632306423926054,0.017142857142857144,2126846,0.44910585909840206
2025-02-24,TH,Thüringen,14,955179,0.2931601731601732,0.3333333333333333,49.642857142857146,14,0.2142857142857143,0.1747158685970456,0.4187720275619775,0.013157894736842105,2126846,0.44910585909840206
2025-03-03,TH,Thüringen,14,955179,0.3015199086627658,0.35714285714285715,54.714285714285715,12,0.2142857142857143,0.18077484218462367,0.42627173219583453,0.015151515151515152,2126846,0.44910585909840206
2025-03-10,TH,Thüringen,14,955179,0.32145298310711845,0.42857142857142855,60.21428571428571,12,0.2142857142857143,0.09985003613720211,0.4104805057697746,0.01818181818181818,2126846,0.44910585909840206
2025-03-17,TH,Thüringen,14,955179,0.30499803227075956,0.3333333333333333,65.71428571428571,12,0.2142857142857143,0.13956229447588453,0.3886439561237249,0.022727272727272728,2126846,0.44910585909840206
2025-03-24,TH,Thüringen,11,830179,0.3617473435655254,0.4,64.36363636363636,12,0.1818181818181818,0.03671760689682485,0.320227951312873,0,2126846,0.3903333856800163
2025-03-31,TH,Thüringen,3,517836,0.2962962962962963,0.30158730158730157,12,12,0,0.14551175628105917,0.19630545977467306,0,2126846,0.2434760203606655
2025-04-07,TH,Thüringen,3,517836,0.29523809523809524,0.3,12,12,0,0.15218577934889016,0.2052854778972496,0,2126846,0.2434760203606655
2025-04-14,TH,Thüringen,3,517836,0.29437229437229434,0.2987012987012987,12,12,0,0.15113616513198963,0.21142349562323842,0,2126846,0.2434760203606655
2025-04-21,TH,Thüringen,3,517836,0.29437229437229434,0.2987012987012987,12,12,0,0.15467663316426095,0.2069121457469907,0,2126846,0.2434760203606655
2025-04-28,TH,Thüringen,3,517836,0.2950877192982456,0.3026315789473684,13.333333333333334,13,0,0.1472761254777977,0.21078359383656006,0,2126846,0.2434760203606655
2025-05-05,TH,Thüringen,3,517836,0.29437229437229434,0.2987012987012987,12,12,0,0.1486671949562737,0.18557661393222302,0,2126846,0.2434760203606655
2025-05-12,TH,Thüringen,3,517836,0.3061432861432861,0.3142857142857143,14.333333333333334,14,0,0.14481659137948832,0.1953088140086405,0,2126846,0.2434760203606655
2025-05-19,TH,Thüringen,3,517836,0.29437229437229434,0.2987012987012987,12,12,0,0.1353940117087758,0.19569158055716931,0,2126846,0.2434760203606655
2025-05-26,TH,Thüringen,3,517836,0.29437229437229434,0.2987012987012987,12,12,0,0.13363083412432997,0.20097160501793374,0,2126846,0.2434760203606655
2025-06-02,TH,Thüringen,3,517836,0.29568238778765094,0.3026315789473684,12.333333333333334,12,0,0.13358359198757655,0.2024801015900341,0,2126846,0.2434760203606655
2025-06-09,TH,Thüringen,3,517836,0.2990990990990991,0.30666666666666664,14.333333333333334,14,0,0.13799807338317632,0.2118683101516049,0,2126846,0.2434760203606655
2025-06-16,TH,Thüringen,3,517836,0.29385964912280704,0.3026315789473684,13,13,0,0.1304047169611343,0.20786041053290272,0,2126846,0.2434760203606655
2025-06-23,TH,Thüringen,3,517836,0.2912964228753702,0.2987012987012987,12.333333333333334,12,0,0.16238482067635007,0.21130178883525652,0,2126846,0.2434760203606655
2025-06-30,TH,Thüringen,3,517836,0.29185645272601796,0.3,19.333333333333332,19,0,0.16253116382898106,0.21027203510096337,0,2126846,0.2434760203606655
